category,location,old,new
Variable,Color / Base/gunmetal gray/100,gunmetal gray/100,gunmetal-gray/100
Variable,Color / Base/gunmetal gray/200,gunmetal gray/200,gunmetal-gray/200
Variable,Color / Base/gunmetal gray/300,gunmetal gray/300,gunmetal-gray/300
Variable,Color / Base/gunmetal gray/400,gunmetal gray/400,gunmetal-gray/400
Variable,Color / Base/gunmetal gray/50,gunmetal gray/50,gunmetal-gray/50
Variable,Color / Base/gunmetal gray/500,gunmetal gray/500,gunmetal-gray/500
Variable,Color / Base/gunmetal gray/600,gunmetal gray/600,gunmetal-gray/600
Variable,Color / Base/gunmetal gray/700,gunmetal gray/700,gunmetal-gray/700
Variable,Color / Base/gunmetal gray/800,gunmetal gray/800,gunmetal-gray/800
Variable,Color / Base/gunmetal gray/900,gunmetal gray/900,gunmetal-gray/900
Variable,Color / Director/Argent Blue/100,Argent Blue/100,argent-blue/100
Variable,Color / Director/Argent Blue/200,Argent Blue/200,argent-blue/200
Variable,Color / Director/Argent Blue/300,Argent Blue/300,argent-blue/300
Variable,Color / Director/Argent Blue/400,Argent Blue/400,argent-blue/400
Variable,Color / Director/Argent Blue/500,Argent Blue/500,argent-blue/500
Variable,Color / Director/Argent Blue/600,Argent Blue/600,argent-blue/600
Variable,Color / Director/Argent Blue/700,Argent Blue/700,argent-blue/700
Variable,Color / Director/Argent Blue/800,Argent Blue/800,argent-blue/800
Variable,Color / Director/Burnt Orange/400,Burnt Orange/400,burnt-orange/400
Variable,Color / Director/Burnt Orange/500,Burnt Orange/500,burnt-orange/500
Variable,Color / Director/Burnt Orange/600,Burnt Orange/600,burnt-orange/600
Variable,Color / Director/Cold Green/200,Cold Green/200,cold-green/200
Variable,Color / Director/Cold Green/300,Cold Green/300,cold-green/300
Variable,Color / Director/Cold Green/500,Cold Green/500,cold-green/500
Variable,Color / Director/Cold Green/600,Cold Green/600,cold-green/600
Variable,Color / Director/Cold Green/700,Cold Green/700,cold-green/700
Variable,Color / Director/Color,Color,legacy/white
Variable,Color / Director/NSW Blues/100,NSW Blues/100,nsw-blue/100
Variable,Color / Director/NSW Blues/200,NSW Blues/200,nsw-blue/200
Variable,Color / Director/NSW Blues/300,NSW Blues/300,nsw-blue/300
Variable,Color / Director/NSW Blues/400,NSW Blues/400,nsw-blue/400
Variable,Color / Director/NSW Blues/500,NSW Blues/500,nsw-blue/500
Variable,Color / Director/NSW Blues/600,NSW Blues/600,nsw-blue/600
Variable,Color / Director/NSW Blues/700,NSW Blues/700,nsw-blue/700
Variable,Color / Director/bright green/100,bright green/100,bright-green/100
Variable,Color / Director/bright green/200,bright green/200,bright-green/200
Variable,Color / Director/bright green/300,bright green/300,bright-green/300
Variable,Color / Director/bright green/400,bright green/400,bright-green/400
Variable,Color / Director/bright green/500,bright green/500,bright-green/500
Variable,Color / Director/bright green/600,bright green/600,bright-green/600
Variable,Color / Director/bright green/700,bright green/700,bright-green/700
Variable,Color / Director/bright green/800,bright green/800,bright-green/800
Variable,Color / Director/olive green/500,olive green/500,olive-green/500
Variable,Color / Director/olive green/500-18,olive green/500-18,olive-green/500-18
Variable,Color / Director/olive green/900,olive green/900,olive-green/900
Variable,Typography/letter-spacing/Extra Tight,letter-spacing/Extra Tight,letter-spacing/extra-tight
Variable,Typography/letter-spacing/Extra Wide,letter-spacing/Extra Wide,letter-spacing/extra-wide
Variable,Typography/letter-spacing/Medium,letter-spacing/Medium,letter-spacing/medium
Variable,Typography/letter-spacing/Narrow,letter-spacing/Narrow,letter-spacing/narrow
Variable,Typography/letter-spacing/None,letter-spacing/None,letter-spacing/none
Variable,Typography/letter-spacing/Normal,letter-spacing/Normal,letter-spacing/normal
Variable,Typography/letter-spacing/Small,letter-spacing/Small,letter-spacing/small
Variable,Typography/letter-spacing/Tight,letter-spacing/Tight,letter-spacing/tight
Variable,Typography/letter-spacing/Wide,letter-spacing/Wide,letter-spacing/wide
Variable collection,collection:UI,UI,Color / UI
Variable,Color / UI/accent/accent-argent,accent/accent-argent,accent/argent
Variable,Color / UI/accent/accent-blue,accent/accent-blue,accent/blue
Variable,Color / UI/accent/accent-gray,accent/accent-gray,accent/gray
Variable,Color / UI/accent/accent-green,accent/accent-green,accent/green
Variable,Color / UI/accent/accent-pink,accent/accent-pink,accent/pink
Variable,Color / UI/badges/active-bg,badges/active-bg,badge/active-bg
Variable,Color / UI/badges/active-border,badges/active-border,badge/active-border
Variable,Color / UI/badges/active-text,badges/active-text,badge/active-text
Variable,Color / UI/badges/category-blue-bg,badges/category-blue-bg,badge/category-blue-bg
Variable,Color / UI/badges/category-blue-border,badges/category-blue-border,badge/category-blue-border
Variable,Color / UI/badges/category-blue-text,badges/category-blue-text,badge/category-blue-text
Variable,Color / UI/badges/category-green-bg,badges/category-green-bg,badge/category-green-bg
Variable,Color / UI/badges/category-green-border,badges/category-green-border,badge/category-green-border
Variable,Color / UI/badges/category-green-text,badges/category-green-text,badge/category-green-text
Variable,Color / UI/badges/category-orange-bg,badges/category-orange-bg,badge/category-orange-bg
Variable,Color / UI/badges/category-orange-border,badges/category-orange-border,badge/category-orange-border
Variable,Color / UI/badges/category-orange-text,badges/category-orange-text,badge/category-orange-text
Variable,Color / UI/badges/category-pink-bg,badges/category-pink-bg,badge/category-pink-bg
Variable,Color / UI/badges/category-pink-border,badges/category-pink-border,badge/category-pink-border
Variable,Color / UI/badges/category-pink-text,badges/category-pink-text,badge/category-pink-text
Variable,Color / UI/badges/category-salmon-bg,badges/category-salmon-bg,badge/category-salmon-bg
Variable,Color / UI/badges/category-salmon-border,badges/category-salmon-border,badge/category-salmon-border
Variable,Color / UI/badges/category-salmon-text,badges/category-salmon-text,badge/category-salmon-text
Variable,Color / UI/badges/idle-bg,badges/idle-bg,badge/idle-bg
Variable,Color / UI/badges/idle-border,badges/idle-border,badge/idle-border
Variable,Color / UI/badges/idle-text,badges/idle-text,badge/idle-text
Variable,Color / UI/badges/info-bg,badges/info-bg,badge/info-bg
Variable,Color / UI/badges/info-border,badges/info-border,badge/info-border
Variable,Color / UI/badges/info-text,badges/info-text,badge/info-text
Variable,Color / UI/badges/nuetral-bg,badges/nuetral-bg,badge/neutral-bg
Variable,Color / UI/badges/nuetral-border,badges/nuetral-border,badge/neutral-border
Variable,Color / UI/badges/nuetral-text,badges/nuetral-text,badge/neutral-text
Variable,Color / UI/badges/warning-bg,badges/warning-bg,badge/warning-bg
Variable,Color / UI/badges/warning-border,badges/warning-border,badge/warning-border
Variable,Color / UI/badges/warning-text,badges/warning-text,badge/warning-text
Variable,Color / UI/buttons/hover-20,buttons/hover-20,button/hover-20
Variable,Color / UI/buttons/hover-40,buttons/hover-40,button/hover-40
Variable,Color / UI/buttons/hover-60,buttons/hover-60,button/hover-60
Variable,Color / UI/buttons/hover-80,buttons/hover-80,button/hover-80
Variable,Color / UI/buttons/primary-bg,buttons/primary-bg,button/primary-bg
Variable,Color / UI/buttons/primary-border,buttons/primary-border,button/primary-border
Variable,Color / UI/buttons/primary-text,buttons/primary-text,button/primary-text
Node,01 — Director / Feedback + Chat:93:10481:01 — Director / Feedback + Chat/Director / Result + Chat,Director / Result + Chat,Director / Feedback + Chat
Node,01 — Director / Feedback + Chat:93:10483:01 — Director / Feedback + Chat/Director / Feedback + Chat/sidebar/Sidebar / Sidebar,Sidebar / Sidebar,Navigation / Sidebar
Node,01 — Director / Feedback + Chat:I93:10483;14:679:01 — Director / Feedback + Chat/Director / Feedback + Chat/sidebar/Navigation / Sidebar/Sidebar / Nav Item,Sidebar / Nav Item,Navigation / Item
Instance property,01 — Director / Feedback + Chat:I93:10483;14:679:Navigation / Item,state,State
Instance property value,01 — Director / Feedback + Chat:I93:10483;14:679:Navigation / Item/State,active,Active
Instance property,01 — Director / Feedback + Chat:I93:10483;14:679:Navigation / Item,size,Size
Instance property value,01 — Director / Feedback + Chat:I93:10483;14:679:Navigation / Item/Size,large,Large
Node,01 — Director / Feedback + Chat:I93:10483;14:682:01 — Director / Feedback + Chat/Director / Feedback + Chat/sidebar/Navigation / Sidebar/Sidebar / Nav Item,Sidebar / Nav Item,Navigation / Item
Instance property,01 — Director / Feedback + Chat:I93:10483;14:682:Navigation / Item,state,State
Instance property value,01 — Director / Feedback + Chat:I93:10483;14:682:Navigation / Item/State,disabled,Disabled
Instance property,01 — Director / Feedback + Chat:I93:10483;14:682:Navigation / Item,size,Size
Instance property value,01 — Director / Feedback + Chat:I93:10483;14:682:Navigation / Item/Size,large,Large
Node,01 — Director / Feedback + Chat:I93:10483;14:684:01 — Director / Feedback + Chat/Director / Feedback + Chat/sidebar/Navigation / Sidebar/Sidebar / Nav Item,Sidebar / Nav Item,Navigation / Item
Instance property,01 — Director / Feedback + Chat:I93:10483;14:684:Navigation / Item,state,State
Instance property value,01 — Director / Feedback + Chat:I93:10483;14:684:Navigation / Item/State,disabled,Disabled
Instance property,01 — Director / Feedback + Chat:I93:10483;14:684:Navigation / Item,size,Size
Instance property value,01 — Director / Feedback + Chat:I93:10483;14:684:Navigation / Item/Size,large,Large
Node,01 — Director / Feedback + Chat:I93:10483;14:686:01 — Director / Feedback + Chat/Director / Feedback + Chat/sidebar/Navigation / Sidebar/Sidebar / Nav Item,Sidebar / Nav Item,Navigation / Item
Instance property,01 — Director / Feedback + Chat:I93:10483;14:686:Navigation / Item,state,State
Instance property value,01 — Director / Feedback + Chat:I93:10483;14:686:Navigation / Item/State,disabled,Disabled
Instance property,01 — Director / Feedback + Chat:I93:10483;14:686:Navigation / Item,size,Size
Instance property value,01 — Director / Feedback + Chat:I93:10483;14:686:Navigation / Item/Size,large,Large
Node,01 — Director / Feedback + Chat:I93:10483;14:688:01 — Director / Feedback + Chat/Director / Feedback + Chat/sidebar/Navigation / Sidebar/Sidebar / Nav Item,Sidebar / Nav Item,Navigation / Item
Instance property,01 — Director / Feedback + Chat:I93:10483;14:688:Navigation / Item,state,State
Instance property value,01 — Director / Feedback + Chat:I93:10483;14:688:Navigation / Item/State,disabled,Disabled
Instance property,01 — Director / Feedback + Chat:I93:10483;14:688:Navigation / Item,size,Size
Instance property value,01 — Director / Feedback + Chat:I93:10483;14:688:Navigation / Item/Size,large,Large
Node,01 — Director / Feedback + Chat:I93:10483;14:697:01 — Director / Feedback + Chat/Director / Feedback + Chat/sidebar/Navigation / Sidebar/Sidebar / Nav Item,Sidebar / Nav Item,Navigation / Item
Instance property,01 — Director / Feedback + Chat:I93:10483;14:697:Navigation / Item,state,State
Instance property value,01 — Director / Feedback + Chat:I93:10483;14:697:Navigation / Item/State,disabled,Disabled
Instance property,01 — Director / Feedback + Chat:I93:10483;14:697:Navigation / Item,size,Size
Instance property value,01 — Director / Feedback + Chat:I93:10483;14:697:Navigation / Item/Size,large,Large
Instance property value,01 — Director / Feedback + Chat:93:10486:topbar/Module,model only,Model Only
Node,01 — Director / Feedback + Chat:I93:10486;4010:4232:01 — Director / Feedback + Chat/Director / Feedback + Chat/main/feedback-content/topbar/Model Bar,Model Bar,UI / Model Bar
Instance property value,01 — Director / Feedback + Chat:I93:10486;4010:4232;73:1125:UI / Status Badge/Status,active,Active
Instance property,01 — Director / Feedback + Chat:93:10487:header,type,Type
Instance property value,01 — Director / Feedback + Chat:93:10487:header/Type,header with toolbar,Header with Toolbar
Node,01 — Director / Feedback + Chat:I93:10487;93:8727;93:8832:01 — Director / Feedback + Chat/Director / Feedback + Chat/main/feedback-content/header/Project / Toolbar/toolbar-actions/Project / Toolbar,Project / Toolbar,Project / Toolbar Action
Instance property,01 — Director / Feedback + Chat:I93:10487;93:8727;93:8832:Project / Toolbar Action,state,State
Instance property,01 — Director / Feedback + Chat:I93:10487;93:8727;93:8832:Project / Toolbar Action,Icon Type,Icon
Node,01 — Director / Feedback + Chat:I93:10487;93:8727;93:8687:01 — Director / Feedback + Chat/Director / Feedback + Chat/main/feedback-content/header/Project / Toolbar/toolbar-actions/Project / Toolbar,Project / Toolbar,Project / Toolbar Action
Instance property,01 — Director / Feedback + Chat:I93:10487;93:8727;93:8687:Project / Toolbar Action,state,State
Instance property,01 — Director / Feedback + Chat:I93:10487;93:8727;93:8687:Project / Toolbar Action,Icon Type,Icon
Node,01 — Director / Feedback + Chat:I93:10487;93:8727;93:8688:01 — Director / Feedback + Chat/Director / Feedback + Chat/main/feedback-content/header/Project / Toolbar/toolbar-actions/Project / Toolbar,Project / Toolbar,Project / Toolbar Action
Instance property,01 — Director / Feedback + Chat:I93:10487;93:8727;93:8688:Project / Toolbar Action,state,State
Instance property,01 — Director / Feedback + Chat:I93:10487;93:8727;93:8688:Project / Toolbar Action,Icon Type,Icon
Instance property value,01 — Director / Feedback + Chat:I93:10487;93:8727;93:8688:Project / Toolbar Action/Icon,Reresh,Refresh
Node,01 — Director / Feedback + Chat:I93:10487;93:8727;93:8696:01 — Director / Feedback + Chat/Director / Feedback + Chat/main/feedback-content/header/Project / Toolbar/Button,Button,UI / Button
Node,01 — Director / Feedback + Chat:4007:4112:01 — Director / Feedback + Chat/Director / Feedback + Chat/main/feedback-content/Status Bar,Status Bar,UI / Status Bar
Node,01 — Director / Feedback + Chat:93:10488:01 — Director / Feedback + Chat/Director / Feedback + Chat/main/feedback-content/section-imprint,section-imprint,feedback-panel
Node,01 — Director / Feedback + Chat:I93:10488;74:1861:01 — Director / Feedback + Chat/Director / Feedback + Chat/main/feedback-content/feedback-panel/content-left/Feedback / File Box,Feedback / File Box,Feedback / File
Instance property,01 — Director / Feedback + Chat:I93:10488;47:590:photography-input,form,Type
Instance property value,01 — Director / Feedback + Chat:I93:10488;47:590:photography-input/Type,selector,Selector
Node,01 — Director / Feedback + Chat:I93:10488;47:590;73:1190:01 — Director / Feedback + Chat/Director / Feedback + Chat/main/feedback-content/feedback-panel/content-left/photography-input/icon,icon,UI / Icon
Instance property,01 — Director / Feedback + Chat:I93:10488;47:590;73:1190:UI / Icon,icon style,Icon
Instance property value,01 — Director / Feedback + Chat:I93:10488;47:590;73:1190:UI / Icon/Icon,chevron-down,Chevron Down
Instance property,01 — Director / Feedback + Chat:I93:10488;47:593:prompt-selector,form,Type
Instance property value,01 — Director / Feedback + Chat:I93:10488;47:593:prompt-selector/Type,selector,Selector
Node,01 — Director / Feedback + Chat:I93:10488;47:593;73:1190:01 — Director / Feedback + Chat/Director / Feedback + Chat/main/feedback-content/feedback-panel/content-left/prompt-selector/icon,icon,UI / Icon
Instance property,01 — Director / Feedback + Chat:I93:10488;47:593;73:1190:UI / Icon,icon style,Icon
Instance property value,01 — Director / Feedback + Chat:I93:10488;47:593;73:1190:UI / Icon/Icon,chevron-down,Chevron Down
Instance property,01 — Director / Feedback + Chat:I93:10488;47:594:prompt-textarea,form,Type
Instance property value,01 — Director / Feedback + Chat:I93:10488;47:594:prompt-textarea/Type,textarea,Textarea
Instance property,01 — Director / Feedback + Chat:I93:10488;4007:2031:prompt-selector,form,Type
Instance property value,01 — Director / Feedback + Chat:I93:10488;4007:2031:prompt-selector/Type,selector,Selector
Node,01 — Director / Feedback + Chat:I93:10488;4007:2031;73:1190:01 — Director / Feedback + Chat/Director / Feedback + Chat/main/feedback-content/feedback-panel/content-left/prompt-selector/icon,icon,UI / Icon
Instance property,01 — Director / Feedback + Chat:I93:10488;4007:2031;73:1190:UI / Icon,icon style,Icon
Instance property value,01 — Director / Feedback + Chat:I93:10488;4007:2031;73:1190:UI / Icon/Icon,chevron-down,Chevron Down
Node,01 — Director / Feedback + Chat:I93:10488;73:878:01 — Director / Feedback + Chat/Director / Feedback + Chat/main/feedback-content/feedback-panel/content-left/action-bar/Button,Button,UI / Button
Instance property,01 — Director / Feedback + Chat:I93:10488;47:623:Form / Field,form,Type
Instance property value,01 — Director / Feedback + Chat:I93:10488;47:623:Form / Field/Type,textarea-skyline,Textarea Skyline
Instance property,01 — Director / Feedback + Chat:I93:10489;48:822;73:1465:Chat / Toolbar,Icon Type,Icon
Instance property,01 — Director / Feedback + Chat:I93:10489;48:822;73:1466:Chat / Toolbar,Icon Type,Icon
Instance property,01 — Director / Feedback + Chat:I93:10489;48:822;73:1467:Chat / Toolbar,Icon Type,Icon
Instance property value,01 — Director / Feedback + Chat:I93:10489;48:822;73:1467:Chat / Toolbar/Icon,Reresh,Refresh
Instance property,01 — Director / Feedback + Chat:I93:10489;48:822;73:1499:Chat / Toolbar,Icon Type,Icon
Instance property,01 — Director / Feedback + Chat:I93:10489;48:822;73:1500:Chat / Toolbar,Icon Type,Icon
Instance property,01 — Director / Feedback + Chat:I93:10489;48:822;73:1501:Chat / Toolbar,Icon Type,Icon
Instance property value,01 — Director / Feedback + Chat:I93:10489;48:822;73:1501:Chat / Toolbar/Icon,Reresh,Refresh
Instance property,01 — Director / Feedback + Chat:I93:10489;4002:1699;4002:1572:add-files,icon style,Icon
Instance property value,01 — Director / Feedback + Chat:I93:10489;4002:1699;4002:1572:add-files/Icon,plus,Plus
Node,01 — Director / Feedback + Chat:I93:10489;4002:1699;4002:1574;73:1550:01 — Director / Feedback + Chat/Director / Feedback + Chat/main/prompt-section/Prompt / Editor/prompt-textarea-group/prompt-metadata-bar/Prompt / Model Selector/icon,icon,UI / Icon
Instance property,01 — Director / Feedback + Chat:I93:10489;4002:1699;4002:1574;73:1550:UI / Icon,icon style,Icon
Instance property value,01 — Director / Feedback + Chat:I93:10489;4002:1699;4002:1574;73:1550:UI / Icon/Icon,chevron-down,Chevron Down
Instance property,01 — Director / Feedback + Chat:I93:10489;4002:1699;4002:1694:enter-button,state,State
Node,01 — Director / Feedback + Chat:I93:10489;4002:1699;4002:1694;73:1199:01 — Director / Feedback + Chat/Director / Feedback + Chat/main/prompt-section/Prompt / Editor/prompt-textarea-group/prompt-metadata-bar/enter-button/icon,icon,UI / Icon
Instance property,01 — Director / Feedback + Chat:I93:10489;4002:1699;4002:1694;73:1199:UI / Icon,icon style,Icon
Instance property value,01 — Director / Feedback + Chat:I93:10489;4002:1699;4002:1694;73:1199:UI / Icon/Icon,arrow-up,Arrow Up
Node,01 — Director / Feedback + Chat:93:10491:01 — Director / Feedback + Chat/Director / Feedback + Chat/main/save-button/Button,Button,UI / Button
Node,01 — Director / Feedback + Chat:93:11965:01 — Director / Feedback + Chat/Director / New Feedback/sidebar/Sidebar / Sidebar,Sidebar / Sidebar,Navigation / Sidebar
Node,01 — Director / Feedback + Chat:I93:11965;14:679:01 — Director / Feedback + Chat/Director / New Feedback/sidebar/Navigation / Sidebar/Sidebar / Nav Item,Sidebar / Nav Item,Navigation / Item
Instance property,01 — Director / Feedback + Chat:I93:11965;14:679:Navigation / Item,state,State
Instance property value,01 — Director / Feedback + Chat:I93:11965;14:679:Navigation / Item/State,active,Active
Instance property,01 — Director / Feedback + Chat:I93:11965;14:679:Navigation / Item,size,Size
Instance property value,01 — Director / Feedback + Chat:I93:11965;14:679:Navigation / Item/Size,large,Large
Node,01 — Director / Feedback + Chat:I93:11965;14:682:01 — Director / Feedback + Chat/Director / New Feedback/sidebar/Navigation / Sidebar/Sidebar / Nav Item,Sidebar / Nav Item,Navigation / Item
Instance property,01 — Director / Feedback + Chat:I93:11965;14:682:Navigation / Item,state,State
Instance property value,01 — Director / Feedback + Chat:I93:11965;14:682:Navigation / Item/State,disabled,Disabled
Instance property,01 — Director / Feedback + Chat:I93:11965;14:682:Navigation / Item,size,Size
Instance property value,01 — Director / Feedback + Chat:I93:11965;14:682:Navigation / Item/Size,large,Large
Node,01 — Director / Feedback + Chat:I93:11965;14:684:01 — Director / Feedback + Chat/Director / New Feedback/sidebar/Navigation / Sidebar/Sidebar / Nav Item,Sidebar / Nav Item,Navigation / Item
Instance property,01 — Director / Feedback + Chat:I93:11965;14:684:Navigation / Item,state,State
Instance property value,01 — Director / Feedback + Chat:I93:11965;14:684:Navigation / Item/State,disabled,Disabled
Instance property,01 — Director / Feedback + Chat:I93:11965;14:684:Navigation / Item,size,Size
Instance property value,01 — Director / Feedback + Chat:I93:11965;14:684:Navigation / Item/Size,large,Large
Node,01 — Director / Feedback + Chat:I93:11965;14:686:01 — Director / Feedback + Chat/Director / New Feedback/sidebar/Navigation / Sidebar/Sidebar / Nav Item,Sidebar / Nav Item,Navigation / Item
Instance property,01 — Director / Feedback + Chat:I93:11965;14:686:Navigation / Item,state,State
Instance property value,01 — Director / Feedback + Chat:I93:11965;14:686:Navigation / Item/State,disabled,Disabled
Instance property,01 — Director / Feedback + Chat:I93:11965;14:686:Navigation / Item,size,Size
Instance property value,01 — Director / Feedback + Chat:I93:11965;14:686:Navigation / Item/Size,large,Large
Node,01 — Director / Feedback + Chat:I93:11965;14:688:01 — Director / Feedback + Chat/Director / New Feedback/sidebar/Navigation / Sidebar/Sidebar / Nav Item,Sidebar / Nav Item,Navigation / Item
Instance property,01 — Director / Feedback + Chat:I93:11965;14:688:Navigation / Item,state,State
Instance property value,01 — Director / Feedback + Chat:I93:11965;14:688:Navigation / Item/State,disabled,Disabled
Instance property,01 — Director / Feedback + Chat:I93:11965;14:688:Navigation / Item,size,Size
Instance property value,01 — Director / Feedback + Chat:I93:11965;14:688:Navigation / Item/Size,large,Large
Node,01 — Director / Feedback + Chat:I93:11965;14:697:01 — Director / Feedback + Chat/Director / New Feedback/sidebar/Navigation / Sidebar/Sidebar / Nav Item,Sidebar / Nav Item,Navigation / Item
Instance property,01 — Director / Feedback + Chat:I93:11965;14:697:Navigation / Item,state,State
Instance property value,01 — Director / Feedback + Chat:I93:11965;14:697:Navigation / Item/State,disabled,Disabled
Instance property,01 — Director / Feedback + Chat:I93:11965;14:697:Navigation / Item,size,Size
Instance property value,01 — Director / Feedback + Chat:I93:11965;14:697:Navigation / Item/Size,large,Large
Instance property value,01 — Director / Feedback + Chat:4002:1330:topbar/Module,model only,Model Only
Node,01 — Director / Feedback + Chat:I4002:1330;4010:4232:01 — Director / Feedback + Chat/Director / New Feedback/main/content/topbar/Model Bar,Model Bar,UI / Model Bar
Instance property value,01 — Director / Feedback + Chat:I4002:1330;4010:4232;73:1125:UI / Status Badge/Status,active,Active
Instance property,01 — Director / Feedback + Chat:4001:1979:header,type,Type
Node,01 — Director / Feedback + Chat:93:11971:01 — Director / Feedback + Chat/Director / New Feedback/main/content/Group 1,Group 1,feedback-layout
Node,01 — Director / Feedback + Chat:93:11973:01 — Director / Feedback + Chat/Director / New Feedback/main/content/feedback-layout/Director / Feedback Panel,Director / Feedback Panel,Feedback / Panel
Instance property value,01 — Director / Feedback + Chat:93:11973:Feedback / Panel/Module,section-imprint,Feedback
Node,01 — Director / Feedback + Chat:I93:11973;77:4016:01 — Director / Feedback + Chat/Director / New Feedback/main/content/feedback-layout/Feedback / Panel/section-imprint,section-imprint,feedback-panel
Node,01 — Director / Feedback + Chat:I93:11973;77:4016;74:1861:01 — Director / Feedback + Chat/Director / New Feedback/main/content/feedback-layout/Feedback / Panel/feedback-panel/content-left/Director / File Box,Director / File Box,Feedback / File
Instance property,01 — Director / Feedback + Chat:I93:11973;77:4016;47:590:photography-input,form,Type
Instance property value,01 — Director / Feedback + Chat:I93:11973;77:4016;47:590:photography-input/Type,selector,Selector
Node,01 — Director / Feedback + Chat:I93:11973;77:4016;47:590;73:1190:01 — Director / Feedback + Chat/Director / New Feedback/main/content/feedback-layout/Feedback / Panel/feedback-panel/content-left/photography-input/icon,icon,UI / Icon
Instance property,01 — Director / Feedback + Chat:I93:11973;77:4016;47:590;73:1190:UI / Icon,icon style,Icon
Instance property value,01 — Director / Feedback + Chat:I93:11973;77:4016;47:590;73:1190:UI / Icon/Icon,chevron-down,Chevron Down
Instance property,01 — Director / Feedback + Chat:I93:11973;77:4016;47:593:prompt-selector,form,Type
Instance property value,01 — Director / Feedback + Chat:I93:11973;77:4016;47:593:prompt-selector/Type,selector,Selector
Node,01 — Director / Feedback + Chat:I93:11973;77:4016;47:593;73:1190:01 — Director / Feedback + Chat/Director / New Feedback/main/content/feedback-layout/Feedback / Panel/feedback-panel/content-left/prompt-selector/icon,icon,UI / Icon
Instance property,01 — Director / Feedback + Chat:I93:11973;77:4016;47:593;73:1190:UI / Icon,icon style,Icon
Instance property value,01 — Director / Feedback + Chat:I93:11973;77:4016;47:593;73:1190:UI / Icon/Icon,chevron-down,Chevron Down
Instance property,01 — Director / Feedback + Chat:I93:11973;77:4016;47:594:prompt-textarea,form,Type
Instance property value,01 — Director / Feedback + Chat:I93:11973;77:4016;47:594:prompt-textarea/Type,textarea,Textarea
Instance property,01 — Director / Feedback + Chat:I93:11973;77:4016;4007:2031:prompt-selector,form,Type
Instance property value,01 — Director / Feedback + Chat:I93:11973;77:4016;4007:2031:prompt-selector/Type,selector,Selector
Node,01 — Director / Feedback + Chat:I93:11973;77:4016;4007:2031;73:1190:01 — Director / Feedback + Chat/Director / New Feedback/main/content/feedback-layout/Feedback / Panel/feedback-panel/content-left/prompt-selector/icon,icon,UI / Icon
Instance property,01 — Director / Feedback + Chat:I93:11973;77:4016;4007:2031;73:1190:UI / Icon,icon style,Icon
Instance property value,01 — Director / Feedback + Chat:I93:11973;77:4016;4007:2031;73:1190:UI / Icon/Icon,chevron-down,Chevron Down
Node,01 — Director / Feedback + Chat:I93:11973;77:4016;73:878:01 — Director / Feedback + Chat/Director / New Feedback/main/content/feedback-layout/Feedback / Panel/feedback-panel/content-left/action-bar/Button,Button,UI / Button
Instance property,01 — Director / Feedback + Chat:I93:11973;77:4016;47:623:Form / Field,form,Type
Instance property value,01 — Director / Feedback + Chat:I93:11973;77:4016;47:623:Form / Field/Type,textarea-skyline,Textarea Skyline
Node,01 — Director / Feedback + Chat:93:11972:01 — Director / Feedback + Chat/Director / New Feedback/main/content/feedback-layout/Director / Feedback Panel,Director / Feedback Panel,Feedback / Panel
Instance property value,01 — Director / Feedback + Chat:93:11972:Feedback / Panel/Module,tab navigation,Tabs
Node,01 — Director / Feedback + Chat:I93:11972;77:4015;31:1214:01 — Director / Feedback + Chat/Director / New Feedback/main/content/feedback-layout/Feedback / Panel/tab navigation/Tab / Buttons,Tab / Buttons,Navigation / Tab
Instance property,01 — Director / Feedback + Chat:I93:11972;77:4015;31:1214:Navigation / Tab,state,State
Instance property value,01 — Director / Feedback + Chat:I93:11972;77:4015;31:1214:Navigation / Tab/State,active,Active
Instance property,01 — Director / Feedback + Chat:I93:11972;77:4015;31:1217:Tab,state,State
Instance property value,01 — Director / Feedback + Chat:I93:11972;77:4015;31:1217:Tab/State,disabled,Disabled
Node,01 — Director / Feedback + Chat:I93:11972;77:4015;4011:5690:01 — Director / Feedback + Chat/Director / New Feedback/main/content/feedback-layout/Feedback / Panel/tab navigation/Tab / Buttons,Tab / Buttons,Navigation / Tab
Instance property,01 — Director / Feedback + Chat:I93:11972;77:4015;4011:5690:Navigation / Tab,state,State
Instance property value,01 — Director / Feedback + Chat:I93:11972;77:4015;4011:5690:Navigation / Tab/State,disabled,Disabled
Node,01 — Director / Feedback + Chat:I93:11972;77:4015;4011:5705:01 — Director / Feedback + Chat/Director / New Feedback/main/content/feedback-layout/Feedback / Panel/tab navigation/Tab / Buttons,Tab / Buttons,Navigation / Tab
Instance property,01 — Director / Feedback + Chat:I93:11972;77:4015;4011:5705:Navigation / Tab,state,State
Instance property value,01 — Director / Feedback + Chat:I93:11972;77:4015;4011:5705:Navigation / Tab/State,disabled,Disabled
Node,01 — Director / Feedback + Chat:I93:11972;77:4015;4011:5720:01 — Director / Feedback + Chat/Director / New Feedback/main/content/feedback-layout/Feedback / Panel/tab navigation/Tab / Buttons,Tab / Buttons,Navigation / Tab
Instance property,01 — Director / Feedback + Chat:I93:11972;77:4015;4011:5720:Navigation / Tab,state,State
Instance property value,01 — Director / Feedback + Chat:I93:11972;77:4015;4011:5720:Navigation / Tab/State,disabled,Disabled
Node,01 — Director / Feedback + Chat:I93:11972;77:4015;4011:5735:01 — Director / Feedback + Chat/Director / New Feedback/main/content/feedback-layout/Feedback / Panel/tab navigation/Tab / Buttons,Tab / Buttons,Navigation / Tab
Instance property,01 — Director / Feedback + Chat:I93:11972;77:4015;4011:5735:Navigation / Tab,state,State
Instance property value,01 — Director / Feedback + Chat:I93:11972;77:4015;4011:5735:Navigation / Tab/State,disabled,Disabled
Node,01 — Director / Feedback + Chat:I93:11972;77:4015;4011:5750:01 — Director / Feedback + Chat/Director / New Feedback/main/content/feedback-layout/Feedback / Panel/tab navigation/Tab / Buttons,Tab / Buttons,Navigation / Tab
Instance property,01 — Director / Feedback + Chat:I93:11972;77:4015;4011:5750:Navigation / Tab,state,State
Instance property value,01 — Director / Feedback + Chat:I93:11972;77:4015;4011:5750:Navigation / Tab/State,disabled,Disabled
Node,01 — Director / Feedback + Chat:4002:1974:01 — Director / Feedback + Chat/Notes/Group 1,Group 1,notes-layout
Instance property,01 — Director / Feedback + Chat:4002:1980:add-files,icon style,Icon
Instance property value,01 — Director / Feedback + Chat:4002:1980:add-files/Icon,plus,Plus
Node,01 — Director / Feedback + Chat:I4002:1981;73:1550:01 — Director / Feedback + Chat/Notes/notes-layout/Prompt / Editor/prompt-textarea-group/prompt-metadata-bar/Prompt / Model Selector/icon,icon,UI / Icon
Instance property,01 — Director / Feedback + Chat:I4002:1981;73:1550:UI / Icon,icon style,Icon
Instance property value,01 — Director / Feedback + Chat:I4002:1981;73:1550:UI / Icon/Icon,chevron-down,Chevron Down
Instance property,01 — Director / Feedback + Chat:4002:1982:enter-button,state,State
Node,01 — Director / Feedback + Chat:I4002:1982;73:1199:01 — Director / Feedback + Chat/Notes/notes-layout/Prompt / Editor/prompt-textarea-group/prompt-metadata-bar/enter-button/icon,icon,UI / Icon
Instance property,01 — Director / Feedback + Chat:I4002:1982;73:1199:UI / Icon,icon style,Icon
Instance property value,01 — Director / Feedback + Chat:I4002:1982;73:1199:UI / Icon/Icon,arrow-up,Arrow Up
Node,01 — Director / Feedback + Chat:4002:1985:01 — Director / Feedback + Chat/Notes/notes-layout/Prompt / Menu/dropdown-item-list/Prompt / Menu / Menu Item,Prompt / Menu / Menu Item,Prompt / Menu Item
Instance property,01 — Director / Feedback + Chat:4002:1985:Prompt / Menu Item,state,State
Instance property value,01 — Director / Feedback + Chat:4002:1985:Prompt / Menu Item/State,default,Default
Node,01 — Director / Feedback + Chat:4002:1986:01 — Director / Feedback + Chat/Notes/notes-layout/Prompt / Menu/dropdown-item-list/Prompt / Menu / Menu Item,Prompt / Menu / Menu Item,Prompt / Menu Item
Instance property,01 — Director / Feedback + Chat:4002:1986:Prompt / Menu Item,state,State
Instance property value,01 — Director / Feedback + Chat:4002:1986:Prompt / Menu Item/State,hover,Hover
Node,01 — Director / Feedback + Chat:4002:1987:01 — Director / Feedback + Chat/Notes/notes-layout/Flyout / Menu,Flyout / Menu,Navigation / Flyout
Node,01 — Director / Feedback + Chat:4002:1989:01 — Director / Feedback + Chat/Notes/notes-layout/Navigation / Flyout/dropdown-item-list/Flyout / Buttons,Flyout / Buttons,Navigation / Flyout Item
Instance property,01 — Director / Feedback + Chat:4002:1989:Navigation / Flyout Item,state,State
Instance property value,01 — Director / Feedback + Chat:4002:1989:Navigation / Flyout Item/State,rest,Default
Node,01 — Director / Feedback + Chat:I4002:1989;73:1142:01 — Director / Feedback + Chat/Notes/notes-layout/Navigation / Flyout/dropdown-item-list/Navigation / Flyout Item/menu-item/icon,icon,UI / Icon
Instance property,01 — Director / Feedback + Chat:I4002:1989;73:1142:UI / Icon,icon style,Icon
Instance property value,01 — Director / Feedback + Chat:I4002:1989;73:1142:UI / Icon/Icon,plus,Plus
Node,01 — Director / Feedback + Chat:4002:1990:01 — Director / Feedback + Chat/Notes/notes-layout/Navigation / Flyout/dropdown-item-list/Flyout / Buttons,Flyout / Buttons,Navigation / Flyout Item
Instance property,01 — Director / Feedback + Chat:4002:1990:Navigation / Flyout Item,state,State
Instance property value,01 — Director / Feedback + Chat:4002:1990:Navigation / Flyout Item/State,hover,Hover
Node,01 — Director / Feedback + Chat:I4002:1990;73:1157:01 — Director / Feedback + Chat/Notes/notes-layout/Navigation / Flyout/dropdown-item-list/Navigation / Flyout Item/menu-item/icon,icon,UI / Icon
Instance property,01 — Director / Feedback + Chat:I4002:1990;73:1157:UI / Icon,icon style,Icon
Instance property value,01 — Director / Feedback + Chat:I4002:1990;73:1157:UI / Icon/Icon,pencil,Pencil
Node,01 — Director / Feedback + Chat:4002:1991:01 — Director / Feedback + Chat/Notes/notes-layout/Navigation / Flyout/dropdown-item-list/Flyout / Buttons,Flyout / Buttons,Navigation / Flyout Item
Instance property,01 — Director / Feedback + Chat:4002:1991:Navigation / Flyout Item,state,State
Instance property value,01 — Director / Feedback + Chat:4002:1991:Navigation / Flyout Item/State,rest,Default
Node,01 — Director / Feedback + Chat:I4002:1991;73:1142:01 — Director / Feedback + Chat/Notes/notes-layout/Navigation / Flyout/dropdown-item-list/Navigation / Flyout Item/menu-item/icon,icon,UI / Icon
Instance property,01 — Director / Feedback + Chat:I4002:1991;73:1142:UI / Icon,icon style,Icon
Instance property value,01 — Director / Feedback + Chat:I4002:1991;73:1142:UI / Icon/Icon,star,Star
Node,01 — Director / Feedback + Chat:4002:1992:01 — Director / Feedback + Chat/Notes/notes-layout/Navigation / Flyout/dropdown-item-list/Flyout / Buttons,Flyout / Buttons,Navigation / Flyout Item
Instance property,01 — Director / Feedback + Chat:4002:1992:Navigation / Flyout Item,state,State
Instance property value,01 — Director / Feedback + Chat:4002:1992:Navigation / Flyout Item/State,rest,Default
Node,01 — Director / Feedback + Chat:I4002:1992;73:1142:01 — Director / Feedback + Chat/Notes/notes-layout/Navigation / Flyout/dropdown-item-list/Navigation / Flyout Item/menu-item/icon,icon,UI / Icon
Instance property,01 — Director / Feedback + Chat:I4002:1992;73:1142:UI / Icon,icon style,Icon
Instance property value,01 — Director / Feedback + Chat:I4002:1992;73:1142:UI / Icon/Icon,bin,Bin
Node,02 — Director / Compare:93:10142:02 — Director / Compare/Director / Compare/sidebar/Sidebar / Sidebar,Sidebar / Sidebar,Navigation / Sidebar
Node,02 — Director / Compare:I93:10142;14:679:02 — Director / Compare/Director / Compare/sidebar/Navigation / Sidebar/Sidebar / Nav Item,Sidebar / Nav Item,Navigation / Item
Instance property,02 — Director / Compare:I93:10142;14:679:Navigation / Item,state,State
Instance property value,02 — Director / Compare:I93:10142;14:679:Navigation / Item/State,active,Active
Instance property,02 — Director / Compare:I93:10142;14:679:Navigation / Item,size,Size
Instance property value,02 — Director / Compare:I93:10142;14:679:Navigation / Item/Size,large,Large
Node,02 — Director / Compare:I93:10142;14:682:02 — Director / Compare/Director / Compare/sidebar/Navigation / Sidebar/Sidebar / Nav Item,Sidebar / Nav Item,Navigation / Item
Instance property,02 — Director / Compare:I93:10142;14:682:Navigation / Item,state,State
Instance property value,02 — Director / Compare:I93:10142;14:682:Navigation / Item/State,disabled,Disabled
Instance property,02 — Director / Compare:I93:10142;14:682:Navigation / Item,size,Size
Instance property value,02 — Director / Compare:I93:10142;14:682:Navigation / Item/Size,large,Large
Node,02 — Director / Compare:I93:10142;14:684:02 — Director / Compare/Director / Compare/sidebar/Navigation / Sidebar/Sidebar / Nav Item,Sidebar / Nav Item,Navigation / Item
Instance property,02 — Director / Compare:I93:10142;14:684:Navigation / Item,state,State
Instance property value,02 — Director / Compare:I93:10142;14:684:Navigation / Item/State,disabled,Disabled
Instance property,02 — Director / Compare:I93:10142;14:684:Navigation / Item,size,Size
Instance property value,02 — Director / Compare:I93:10142;14:684:Navigation / Item/Size,large,Large
Node,02 — Director / Compare:I93:10142;14:686:02 — Director / Compare/Director / Compare/sidebar/Navigation / Sidebar/Sidebar / Nav Item,Sidebar / Nav Item,Navigation / Item
Instance property,02 — Director / Compare:I93:10142;14:686:Navigation / Item,state,State
Instance property value,02 — Director / Compare:I93:10142;14:686:Navigation / Item/State,disabled,Disabled
Instance property,02 — Director / Compare:I93:10142;14:686:Navigation / Item,size,Size
Instance property value,02 — Director / Compare:I93:10142;14:686:Navigation / Item/Size,large,Large
Node,02 — Director / Compare:I93:10142;14:688:02 — Director / Compare/Director / Compare/sidebar/Navigation / Sidebar/Sidebar / Nav Item,Sidebar / Nav Item,Navigation / Item
Instance property,02 — Director / Compare:I93:10142;14:688:Navigation / Item,state,State
Instance property value,02 — Director / Compare:I93:10142;14:688:Navigation / Item/State,disabled,Disabled
Instance property,02 — Director / Compare:I93:10142;14:688:Navigation / Item,size,Size
Instance property value,02 — Director / Compare:I93:10142;14:688:Navigation / Item/Size,large,Large
Node,02 — Director / Compare:I93:10142;14:697:02 — Director / Compare/Director / Compare/sidebar/Navigation / Sidebar/Sidebar / Nav Item,Sidebar / Nav Item,Navigation / Item
Instance property,02 — Director / Compare:I93:10142;14:697:Navigation / Item,state,State
Instance property value,02 — Director / Compare:I93:10142;14:697:Navigation / Item/State,disabled,Disabled
Instance property,02 — Director / Compare:I93:10142;14:697:Navigation / Item,size,Size
Instance property value,02 — Director / Compare:I93:10142;14:697:Navigation / Item/Size,large,Large
Instance property value,02 — Director / Compare:93:10145:topbar/Module,model only,Model Only
Node,02 — Director / Compare:I93:10145;4010:4232:02 — Director / Compare/Director / Compare/main/feedback-content/topbar/Model Bar,Model Bar,UI / Model Bar
Instance property value,02 — Director / Compare:I93:10145;4010:4232;73:1125:UI / Status Badge/Status,active,Active
Instance property,02 — Director / Compare:93:10146:header,type,Type
Instance property value,02 — Director / Compare:93:10146:header/Type,Header full toolbar,Header Full Toolbar
Node,02 — Director / Compare:I93:10146;4007:4452:02 — Director / Compare/Director / Compare/main/feedback-content/header/Project -toolbar,Project -toolbar,project-toolbar
Node,02 — Director / Compare:I93:10146;93:8705:02 — Director / Compare/Director / Compare/main/feedback-content/header/project-toolbar/Button,Button,UI / Button
Node,02 — Director / Compare:I93:10146;4007:4132:02 — Director / Compare/Director / Compare/main/feedback-content/header/project-toolbar/Button,Button,UI / Button
Node,02 — Director / Compare:4014:5207:02 — Director / Compare/Director / Compare/main/feedback-content/Director / Feedback Panel,Director / Feedback Panel,Feedback / Panel
Instance property value,02 — Director / Compare:4014:5207:Feedback / Panel/Module,tab navigation,Tabs
Node,02 — Director / Compare:I4014:5207;77:4015;31:1214:02 — Director / Compare/Director / Compare/main/feedback-content/Feedback / Panel/tab navigation/Tab / Buttons,Tab / Buttons,Navigation / Tab
Instance property,02 — Director / Compare:I4014:5207;77:4015;31:1214:Navigation / Tab,state,State
Instance property value,02 — Director / Compare:I4014:5207;77:4015;31:1214:Navigation / Tab/State,disabled,Disabled
Node,02 — Director / Compare:I4014:5207;77:4015;31:1217:02 — Director / Compare/Director / Compare/main/feedback-content/Feedback / Panel/tab navigation/Tab / Buttons,Tab / Buttons,Navigation / Tab
Instance property,02 — Director / Compare:I4014:5207;77:4015;31:1217:Navigation / Tab,state,State
Instance property value,02 — Director / Compare:I4014:5207;77:4015;31:1217:Navigation / Tab/State,active,Active
Node,02 — Director / Compare:93:10147:02 — Director / Compare/Director / Compare/main/feedback-content/section-imprint,section-imprint,feedback-panel
Node,02 — Director / Compare:I93:10147;74:1893:02 — Director / Compare/Director / Compare/main/feedback-content/feedback-panel/file-box/Feedback / File Box,Feedback / File Box,Feedback / File
Node,02 — Director / Compare:I93:10147;4014:5128:02 — Director / Compare/Director / Compare/main/feedback-content/feedback-panel/feedback/Frame 4,Frame 4,source-meta
Instance property,02 — Director / Compare:I93:10147;4014:4905:photography-input,form,Type
Instance property value,02 — Director / Compare:I93:10147;4014:4905:photography-input/Type,selector,Selector
Node,02 — Director / Compare:I93:10147;4014:4905;73:1190:02 — Director / Compare/Director / Compare/main/feedback-content/feedback-panel/feedback/source-meta/Frame 2/photography-input/icon,icon,UI / Icon
Instance property,02 — Director / Compare:I93:10147;4014:4905;73:1190:UI / Icon,icon style,Icon
Instance property value,02 — Director / Compare:I93:10147;4014:4905;73:1190:UI / Icon/Icon,chevron-down,Chevron Down
Instance property,02 — Director / Compare:I93:10147;4014:5052:photography-input,form,Type
Instance property value,02 — Director / Compare:I93:10147;4014:5052:photography-input/Type,selector,Selector
Node,02 — Director / Compare:I93:10147;4014:5052;73:1190:02 — Director / Compare/Director / Compare/main/feedback-content/feedback-panel/feedback/source-meta/Frame 3/photography-input/icon,icon,UI / Icon
Instance property,02 — Director / Compare:I93:10147;4014:5052;73:1190:UI / Icon,icon style,Icon
Instance property value,02 — Director / Compare:I93:10147;4014:5052;73:1190:UI / Icon/Icon,chevron-down,Chevron Down
Instance property,02 — Director / Compare:I93:10147;74:1915:photography-input,form,Type
Instance property value,02 — Director / Compare:I93:10147;74:1915:photography-input/Type,selector,Selector
Node,02 — Director / Compare:I93:10147;74:1915;73:1190:02 — Director / Compare/Director / Compare/main/feedback-content/feedback-panel/feedback/prompt-bar/action-bar/photography-input/icon,icon,UI / Icon
Instance property,02 — Director / Compare:I93:10147;74:1915;73:1190:UI / Icon,icon style,Icon
Instance property value,02 — Director / Compare:I93:10147;74:1915;73:1190:UI / Icon/Icon,chevron-down,Chevron Down
Node,02 — Director / Compare:I93:10147;74:1771:02 — Director / Compare/Director / Compare/main/feedback-content/feedback-panel/feedback/prompt-bar/action-bar/Button,Button,UI / Button
Node,02 — Director / Compare:I93:10147;74:1772:02 — Director / Compare/Director / Compare/main/feedback-content/feedback-panel/feedback/prompt-bar/action-bar/Button,Button,UI / Button
Instance property,02 — Director / Compare:I93:10147;74:1774:reply,form,Type
Instance property value,02 — Director / Compare:I93:10147;74:1774:reply/Type,textarea-skyline,Textarea Skyline
Node,02 — Director / Compare:I93:10147;4015:2933:02 — Director / Compare/Director / Compare/main/feedback-content/feedback-panel/feedback/Recommendations/Compare / Recommended Bar,Compare / Recommended Bar,Compare / Recommendation
Node,02 — Director / Compare:I93:10147;4015:2933;4015:2625:02 — Director / Compare/Director / Compare/main/feedback-content/feedback-panel/feedback/Recommendations/Compare / Recommendation/Compare Results,Compare Results,Compare / Results
Instance property value,02 — Director / Compare:I93:10147;4015:2933;4015:2625:Compare / Results/State,active,Active
Node,02 — Director / Compare:I93:10147;4015:2933;4015:2625;4015:2572;4015:2531:02 — Director / Compare/Director / Compare/main/feedback-content/feedback-panel/feedback/Recommendations/Compare / Recommendation/Compare / Results/compare-card-active/Image,Image,UI / Image
Instance property,02 — Director / Compare:I93:10147;4015:2933;4015:2625;4015:2572;4015:2531:UI / Image,Value,Image
Instance property value,02 — Director / Compare:I93:10147;4015:2933;4015:2625;4015:2572;4015:2531:UI / Image/Image,image-1,1
Node,02 — Director / Compare:I93:10147;4015:2933;4015:2755:02 — Director / Compare/Director / Compare/main/feedback-content/feedback-panel/feedback/Recommendations/Compare / Recommendation/Compare Results,Compare Results,Compare / Results
Instance property value,02 — Director / Compare:I93:10147;4015:2933;4015:2755:Compare / Results/State,disabled,Disabled
Node,02 — Director / Compare:I93:10147;4015:2933;4015:2755;4015:2778:02 — Director / Compare/Director / Compare/main/feedback-content/feedback-panel/feedback/Recommendations/Compare / Recommendation/Compare / Results/compare-card-disabled/Image,Image,UI / Image
Instance property,02 — Director / Compare:I93:10147;4015:2933;4015:2755;4015:2778:UI / Image,Value,Image
Instance property value,02 — Director / Compare:I93:10147;4015:2933;4015:2755;4015:2778:UI / Image/Image,image-1,1
Node,02 — Director / Compare:I93:10147;4015:2933;4015:2746:02 — Director / Compare/Director / Compare/main/feedback-content/feedback-panel/feedback/Recommendations/Compare / Recommendation/Compare Results,Compare Results,Compare / Results
Instance property value,02 — Director / Compare:I93:10147;4015:2933;4015:2746:Compare / Results/State,disabled,Disabled
Node,02 — Director / Compare:I93:10147;4015:2933;4015:2746;4015:2778:02 — Director / Compare/Director / Compare/main/feedback-content/feedback-panel/feedback/Recommendations/Compare / Recommendation/Compare / Results/compare-card-disabled/Image,Image,UI / Image
Instance property,02 — Director / Compare:I93:10147;4015:2933;4015:2746;4015:2778:UI / Image,Value,Image
Instance property value,02 — Director / Compare:I93:10147;4015:2933;4015:2746;4015:2778:UI / Image/Image,image-1,1
Node,02 — Director / Compare:I93:10147;4015:2933;4015:2800:02 — Director / Compare/Director / Compare/main/feedback-content/feedback-panel/feedback/Recommendations/Compare / Recommendation/Compare Results,Compare Results,Compare / Results
Instance property value,02 — Director / Compare:I93:10147;4015:2933;4015:2800:Compare / Results/State,disabled,Disabled
Node,02 — Director / Compare:I93:10147;4015:2933;4015:2800;4015:2778:02 — Director / Compare/Director / Compare/main/feedback-content/feedback-panel/feedback/Recommendations/Compare / Recommendation/Compare / Results/compare-card-disabled/Image,Image,UI / Image
Instance property,02 — Director / Compare:I93:10147;4015:2933;4015:2800;4015:2778:UI / Image,Value,Image
Instance property value,02 — Director / Compare:I93:10147;4015:2933;4015:2800;4015:2778:UI / Image/Image,image-1,1
Instance property,02 — Director / Compare:I93:10148;48:822;73:1465:Chat / Toolbar,Icon Type,Icon
Instance property,02 — Director / Compare:I93:10148;48:822;73:1466:Chat / Toolbar,Icon Type,Icon
Instance property,02 — Director / Compare:I93:10148;48:822;73:1467:Chat / Toolbar,Icon Type,Icon
Instance property value,02 — Director / Compare:I93:10148;48:822;73:1467:Chat / Toolbar/Icon,Reresh,Refresh
Instance property,02 — Director / Compare:I93:10148;48:822;73:1499:Chat / Toolbar,Icon Type,Icon
Instance property,02 — Director / Compare:I93:10148;48:822;73:1500:Chat / Toolbar,Icon Type,Icon
Instance property,02 — Director / Compare:I93:10148;48:822;73:1501:Chat / Toolbar,Icon Type,Icon
Instance property value,02 — Director / Compare:I93:10148;48:822;73:1501:Chat / Toolbar/Icon,Reresh,Refresh
Instance property,02 — Director / Compare:I93:10148;4002:1699;4002:1572:add-files,icon style,Icon
Instance property value,02 — Director / Compare:I93:10148;4002:1699;4002:1572:add-files/Icon,plus,Plus
Node,02 — Director / Compare:I93:10148;4002:1699;4002:1574;73:1550:02 — Director / Compare/Director / Compare/main/prompt-section/Prompt / Editor/prompt-textarea-group/prompt-metadata-bar/Prompt / Model Selector/icon,icon,UI / Icon
Instance property,02 — Director / Compare:I93:10148;4002:1699;4002:1574;73:1550:UI / Icon,icon style,Icon
Instance property value,02 — Director / Compare:I93:10148;4002:1699;4002:1574;73:1550:UI / Icon/Icon,chevron-down,Chevron Down
Instance property,02 — Director / Compare:I93:10148;4002:1699;4002:1694:enter-button,state,State
Node,02 — Director / Compare:I93:10148;4002:1699;4002:1694;73:1199:02 — Director / Compare/Director / Compare/main/prompt-section/Prompt / Editor/prompt-textarea-group/prompt-metadata-bar/enter-button/icon,icon,UI / Icon
Instance property,02 — Director / Compare:I93:10148;4002:1699;4002:1694;73:1199:UI / Icon,icon style,Icon
Instance property value,02 — Director / Compare:I93:10148;4002:1699;4002:1694;73:1199:UI / Icon/Icon,arrow-up,Arrow Up
Node,02 — Director / Compare:93:10150:02 — Director / Compare/Director / Compare/main/save-button/Button,Button,UI / Button
Node,02 — Director / Compare:93:12069:02 — Director / Compare/New Feedback / Compare,New Feedback / Compare,Director / New Compare
Node,02 — Director / Compare:93:12071:02 — Director / Compare/Director / New Compare/sidebar/Sidebar / Sidebar,Sidebar / Sidebar,Navigation / Sidebar
Node,02 — Director / Compare:I93:12071;14:679:02 — Director / Compare/Director / New Compare/sidebar/Navigation / Sidebar/Sidebar / Nav Item,Sidebar / Nav Item,Navigation / Item
Instance property,02 — Director / Compare:I93:12071;14:679:Navigation / Item,state,State
Instance property value,02 — Director / Compare:I93:12071;14:679:Navigation / Item/State,active,Active
Instance property,02 — Director / Compare:I93:12071;14:679:Navigation / Item,size,Size
Instance property value,02 — Director / Compare:I93:12071;14:679:Navigation / Item/Size,large,Large
Node,02 — Director / Compare:I93:12071;14:682:02 — Director / Compare/Director / New Compare/sidebar/Navigation / Sidebar/Sidebar / Nav Item,Sidebar / Nav Item,Navigation / Item
Instance property,02 — Director / Compare:I93:12071;14:682:Navigation / Item,state,State
Instance property value,02 — Director / Compare:I93:12071;14:682:Navigation / Item/State,disabled,Disabled
Instance property,02 — Director / Compare:I93:12071;14:682:Navigation / Item,size,Size
Instance property value,02 — Director / Compare:I93:12071;14:682:Navigation / Item/Size,large,Large
Node,02 — Director / Compare:I93:12071;14:684:02 — Director / Compare/Director / New Compare/sidebar/Navigation / Sidebar/Sidebar / Nav Item,Sidebar / Nav Item,Navigation / Item
Instance property,02 — Director / Compare:I93:12071;14:684:Navigation / Item,state,State
Instance property value,02 — Director / Compare:I93:12071;14:684:Navigation / Item/State,disabled,Disabled
Instance property,02 — Director / Compare:I93:12071;14:684:Navigation / Item,size,Size
Instance property value,02 — Director / Compare:I93:12071;14:684:Navigation / Item/Size,large,Large
Node,02 — Director / Compare:I93:12071;14:686:02 — Director / Compare/Director / New Compare/sidebar/Navigation / Sidebar/Sidebar / Nav Item,Sidebar / Nav Item,Navigation / Item
Instance property,02 — Director / Compare:I93:12071;14:686:Navigation / Item,state,State
Instance property value,02 — Director / Compare:I93:12071;14:686:Navigation / Item/State,disabled,Disabled
Instance property,02 — Director / Compare:I93:12071;14:686:Navigation / Item,size,Size
Instance property value,02 — Director / Compare:I93:12071;14:686:Navigation / Item/Size,large,Large
Node,02 — Director / Compare:I93:12071;14:688:02 — Director / Compare/Director / New Compare/sidebar/Navigation / Sidebar/Sidebar / Nav Item,Sidebar / Nav Item,Navigation / Item
Instance property,02 — Director / Compare:I93:12071;14:688:Navigation / Item,state,State
Instance property value,02 — Director / Compare:I93:12071;14:688:Navigation / Item/State,disabled,Disabled
Instance property,02 — Director / Compare:I93:12071;14:688:Navigation / Item,size,Size
Instance property value,02 — Director / Compare:I93:12071;14:688:Navigation / Item/Size,large,Large
Node,02 — Director / Compare:I93:12071;14:697:02 — Director / Compare/Director / New Compare/sidebar/Navigation / Sidebar/Sidebar / Nav Item,Sidebar / Nav Item,Navigation / Item
Instance property,02 — Director / Compare:I93:12071;14:697:Navigation / Item,state,State
Instance property value,02 — Director / Compare:I93:12071;14:697:Navigation / Item/State,disabled,Disabled
Instance property,02 — Director / Compare:I93:12071;14:697:Navigation / Item,size,Size
Instance property value,02 — Director / Compare:I93:12071;14:697:Navigation / Item/Size,large,Large
Instance property,02 — Director / Compare:93:12075:header,type,Type
Instance property value,02 — Director / Compare:93:12075:header/Type,header with logo,Header with Logo
Instance property value,02 — Director / Compare:93:12076:topbar/Module,model only,Model Only
Node,02 — Director / Compare:I93:12076;4010:4232:02 — Director / Compare/Director / New Compare/main/content/Header/topbar/Model Bar,Model Bar,UI / Model Bar
Instance property value,02 — Director / Compare:I93:12076;4010:4232;73:1125:UI / Status Badge/Status,active,Active
Node,02 — Director / Compare:93:12077:02 — Director / Compare/Director / New Compare/main/content/Director / Feedback Panel,Director / Feedback Panel,Feedback / Panel
Instance property value,02 — Director / Compare:93:12077:Feedback / Panel/Module,tab navigation,Tabs
Node,02 — Director / Compare:I93:12077;77:4015;31:1214:02 — Director / Compare/Director / New Compare/main/content/Feedback / Panel/tab navigation/Tab / Buttons,Tab / Buttons,Navigation / Tab
Instance property,02 — Director / Compare:I93:12077;77:4015;31:1214:Navigation / Tab,state,State
Instance property value,02 — Director / Compare:I93:12077;77:4015;31:1214:Navigation / Tab/State,disabled,Disabled
Node,02 — Director / Compare:I93:12077;77:4015;31:1217:02 — Director / Compare/Director / New Compare/main/content/Feedback / Panel/tab navigation/Tab / Buttons,Tab / Buttons,Navigation / Tab
Instance property,02 — Director / Compare:I93:12077;77:4015;31:1217:Navigation / Tab,state,State
Instance property value,02 — Director / Compare:I93:12077;77:4015;31:1217:Navigation / Tab/State,active,Active
Node,02 — Director / Compare:93:12079:02 — Director / Compare/Director / New Compare/main/content/Frame 1/Feedback / Feedback Panel,Feedback / Feedback Panel,Feedback / Panel
Instance property value,02 — Director / Compare:93:12079:Feedback / Panel/Module,section-imprint,Feedback
Node,02 — Director / Compare:I93:12079;77:4016:02 — Director / Compare/Director / New Compare/main/content/Frame 1/Feedback / Panel/section-imprint,section-imprint,feedback-panel
Node,02 — Director / Compare:I93:12079;77:4016;74:1893:02 — Director / Compare/Director / New Compare/main/content/Frame 1/Feedback / Panel/feedback-panel/file-box/Feedback / File Box,Feedback / File Box,Feedback / File
Node,02 — Director / Compare:I93:12079;77:4016;4014:5128:02 — Director / Compare/Director / New Compare/main/content/Frame 1/Feedback / Panel/feedback-panel/feedback/Frame 4,Frame 4,source-meta
Instance property,02 — Director / Compare:I93:12079;77:4016;4014:4905:photography-input,form,Type
Instance property value,02 — Director / Compare:I93:12079;77:4016;4014:4905:photography-input/Type,selector,Selector
Node,02 — Director / Compare:I93:12079;77:4016;4014:4905;73:1190:02 — Director / Compare/Director / New Compare/main/content/Frame 1/Feedback / Panel/feedback-panel/feedback/source-meta/Frame 2/photography-input/icon,icon,UI / Icon
Instance property,02 — Director / Compare:I93:12079;77:4016;4014:4905;73:1190:UI / Icon,icon style,Icon
Instance property value,02 — Director / Compare:I93:12079;77:4016;4014:4905;73:1190:UI / Icon/Icon,chevron-down,Chevron Down
Instance property,02 — Director / Compare:I93:12079;77:4016;4014:5052:photography-input,form,Type
Instance property value,02 — Director / Compare:I93:12079;77:4016;4014:5052:photography-input/Type,selector,Selector
Node,02 — Director / Compare:I93:12079;77:4016;4014:5052;73:1190:02 — Director / Compare/Director / New Compare/main/content/Frame 1/Feedback / Panel/feedback-panel/feedback/source-meta/Frame 3/photography-input/icon,icon,UI / Icon
Instance property,02 — Director / Compare:I93:12079;77:4016;4014:5052;73:1190:UI / Icon,icon style,Icon
Instance property value,02 — Director / Compare:I93:12079;77:4016;4014:5052;73:1190:UI / Icon/Icon,chevron-down,Chevron Down
Instance property,02 — Director / Compare:I93:12079;77:4016;74:1915:photography-input,form,Type
Instance property value,02 — Director / Compare:I93:12079;77:4016;74:1915:photography-input/Type,selector,Selector
Node,02 — Director / Compare:I93:12079;77:4016;74:1915;73:1190:02 — Director / Compare/Director / New Compare/main/content/Frame 1/Feedback / Panel/feedback-panel/feedback/prompt-bar/action-bar/photography-input/icon,icon,UI / Icon
Instance property,02 — Director / Compare:I93:12079;77:4016;74:1915;73:1190:UI / Icon,icon style,Icon
Instance property value,02 — Director / Compare:I93:12079;77:4016;74:1915;73:1190:UI / Icon/Icon,chevron-down,Chevron Down
Node,02 — Director / Compare:I93:12079;77:4016;74:1771:02 — Director / Compare/Director / New Compare/main/content/Frame 1/Feedback / Panel/feedback-panel/feedback/prompt-bar/action-bar/Button,Button,UI / Button
Node,02 — Director / Compare:I93:12079;77:4016;74:1772:02 — Director / Compare/Director / New Compare/main/content/Frame 1/Feedback / Panel/feedback-panel/feedback/prompt-bar/action-bar/Button,Button,UI / Button
Instance property,02 — Director / Compare:I93:12079;77:4016;74:1774:reply,form,Type
Instance property value,02 — Director / Compare:I93:12079;77:4016;74:1774:reply/Type,textarea-skyline,Textarea Skyline
Node,"02 — Director / Compare:2001:3999:02 — Director / Compare/For Compare, save a comparison set with: all submitted images; selected winner / recommendation; ranking; reasoning; chat; linked project; linked library area: Darkroom or Design Studio. That means Compare is not separate from Feedback. It is a feedback mode.","For Compare, save a comparison set with: all submitted images; selected winner / recommendation; ranking; reasoning; chat; linked project; linked library area: Darkroom or Design Studio. That means Compare is not separate from Feedback. It is a feedback mode.",Compare / Notes
Node,03 — Darkroom / Library:93:10792:03 — Darkroom / Library/Darkroom / Library/sidebar/Sidebar / Sidebar,Sidebar / Sidebar,Navigation / Sidebar
Node,03 — Darkroom / Library:I93:10792;14:679:03 — Darkroom / Library/Darkroom / Library/sidebar/Navigation / Sidebar/Sidebar / Nav Item,Sidebar / Nav Item,Navigation / Item
Instance property,03 — Darkroom / Library:I93:10792;14:679:Navigation / Item,state,State
Instance property value,03 — Darkroom / Library:I93:10792;14:679:Navigation / Item/State,disabled,Disabled
Instance property,03 — Darkroom / Library:I93:10792;14:679:Navigation / Item,size,Size
Instance property value,03 — Darkroom / Library:I93:10792;14:679:Navigation / Item/Size,large,Large
Node,03 — Darkroom / Library:I93:10792;14:682:03 — Darkroom / Library/Darkroom / Library/sidebar/Navigation / Sidebar/Sidebar / Nav Item,Sidebar / Nav Item,Navigation / Item
Instance property,03 — Darkroom / Library:I93:10792;14:682:Navigation / Item,state,State
Instance property value,03 — Darkroom / Library:I93:10792;14:682:Navigation / Item/State,disabled,Disabled
Instance property,03 — Darkroom / Library:I93:10792;14:682:Navigation / Item,size,Size
Instance property value,03 — Darkroom / Library:I93:10792;14:682:Navigation / Item/Size,large,Large
Node,03 — Darkroom / Library:I93:10792;14:684:03 — Darkroom / Library/Darkroom / Library/sidebar/Navigation / Sidebar/Sidebar / Nav Item,Sidebar / Nav Item,Navigation / Item
Instance property,03 — Darkroom / Library:I93:10792;14:684:Navigation / Item,state,State
Instance property value,03 — Darkroom / Library:I93:10792;14:684:Navigation / Item/State,active,Active
Instance property,03 — Darkroom / Library:I93:10792;14:684:Navigation / Item,size,Size
Instance property value,03 — Darkroom / Library:I93:10792;14:684:Navigation / Item/Size,large,Large
Node,03 — Darkroom / Library:I93:10792;14:686:03 — Darkroom / Library/Darkroom / Library/sidebar/Navigation / Sidebar/Sidebar / Nav Item,Sidebar / Nav Item,Navigation / Item
Instance property,03 — Darkroom / Library:I93:10792;14:686:Navigation / Item,state,State
Instance property value,03 — Darkroom / Library:I93:10792;14:686:Navigation / Item/State,disabled,Disabled
Instance property,03 — Darkroom / Library:I93:10792;14:686:Navigation / Item,size,Size
Instance property value,03 — Darkroom / Library:I93:10792;14:686:Navigation / Item/Size,large,Large
Node,03 — Darkroom / Library:I93:10792;14:688:03 — Darkroom / Library/Darkroom / Library/sidebar/Navigation / Sidebar/Sidebar / Nav Item,Sidebar / Nav Item,Navigation / Item
Instance property,03 — Darkroom / Library:I93:10792;14:688:Navigation / Item,state,State
Instance property value,03 — Darkroom / Library:I93:10792;14:688:Navigation / Item/State,disabled,Disabled
Instance property,03 — Darkroom / Library:I93:10792;14:688:Navigation / Item,size,Size
Instance property value,03 — Darkroom / Library:I93:10792;14:688:Navigation / Item/Size,large,Large
Node,03 — Darkroom / Library:I93:10792;14:697:03 — Darkroom / Library/Darkroom / Library/sidebar/Navigation / Sidebar/Sidebar / Nav Item,Sidebar / Nav Item,Navigation / Item
Instance property,03 — Darkroom / Library:I93:10792;14:697:Navigation / Item,state,State
Instance property value,03 — Darkroom / Library:I93:10792;14:697:Navigation / Item/State,disabled,Disabled
Instance property,03 — Darkroom / Library:I93:10792;14:697:Navigation / Item,size,Size
Instance property value,03 — Darkroom / Library:I93:10792;14:697:Navigation / Item/Size,large,Large
Instance property value,03 — Darkroom / Library:93:10794:topbar/Module,model only,Model Only
Node,03 — Darkroom / Library:I93:10794;4010:4232:03 — Darkroom / Library/Darkroom / Library/main/topbar/Model Bar,Model Bar,UI / Model Bar
Instance property value,03 — Darkroom / Library:I93:10794;4010:4232;73:1125:UI / Status Badge/Status,active,Active
Instance property,03 — Darkroom / Library:93:10795: header,type,Type
Instance property value,03 — Darkroom / Library:93:10795: header/Type,header with toolbar,Header with Toolbar
Node,03 — Darkroom / Library:I93:10795;93:8727;93:8696:03 — Darkroom / Library/Darkroom / Library/main/ header/Project / Toolbar/Button,Button,UI / Button
Node,03 — Darkroom / Library:93:10799:03 — Darkroom / Library/Darkroom / Library/main/project-data/project-grid/Cards / Card,Cards / Card,UI / Card
Node,03 — Darkroom / Library:93:10800:03 — Darkroom / Library/Darkroom / Library/main/project-data/project-grid/Cards / Card,Cards / Card,UI / Card
Node,03 — Darkroom / Library:93:10801:03 — Darkroom / Library/Darkroom / Library/main/project-data/project-grid/Cards / Card,Cards / Card,UI / Card
Node,03 — Darkroom / Library:93:10802:03 — Darkroom / Library/Darkroom / Library/main/project-data/project-grid/Cards / Card,Cards / Card,UI / Card
Node,03 — Darkroom / Library:93:10803:03 — Darkroom / Library/Darkroom / Library/main/project-data/project-grid/Cards / Card,Cards / Card,UI / Card
Node,03 — Darkroom / Library:93:10804:03 — Darkroom / Library/Darkroom / Library/main/project-data/project-grid/Cards / Card,Cards / Card,UI / Card
Node,03 — Darkroom / Library:93:10805:03 — Darkroom / Library/Darkroom / Library/main/project-data/project-grid/Cards / Card,Cards / Card,UI / Card
Node,03 — Darkroom / Library:93:10806:03 — Darkroom / Library/Darkroom / Library/main/project-data/project-grid/Cards / Card,Cards / Card,UI / Card
Node,03 — Darkroom / Library:93:10807:03 — Darkroom / Library/Darkroom / Library/main/project-data/project-grid/Cards / Card,Cards / Card,UI / Card
Node,03 — Darkroom / Library:4010:5467:03 — Darkroom / Library/Darkroom / Library/main/project-data/feedback-list/File Thumb,File Thumb,UI / File Thumb
Instance property,03 — Darkroom / Library:4010:5467:UI / File Thumb,state,State
Node,03 — Darkroom / Library:I4010:5467;93:8205:03 — Darkroom / Library/Darkroom / Library/main/project-data/feedback-list/UI / File Thumb/Image,Image,UI / Image
Instance property,03 — Darkroom / Library:I4010:5467;93:8205:UI / Image,Value,Image
Instance property value,03 — Darkroom / Library:I4010:5467;93:8205:UI / Image/Image,image-1,1
Node,03 — Darkroom / Library:I4010:5467;4009:3510:03 — Darkroom / Library/Darkroom / Library/main/project-data/feedback-list/UI / File Thumb/Frame 5/Badges / Category,Badges / Category,UI / Category Badge
Node,03 — Darkroom / Library:I4010:5467;4009:3510;4009:3503:03 — Darkroom / Library/Darkroom / Library/main/project-data/feedback-list/UI / File Thumb/Frame 5/UI / Category Badge/Label Alternative / Xxtra Small 9.6px,Label Alternative / Xxtra Small 9.6px,Label Alternative / Extra Small 9.6px
Node,03 — Darkroom / Library:I4010:5467;4009:3784:03 — Darkroom / Library/Darkroom / Library/main/project-data/feedback-list/UI / File Thumb/Frame 5/Badges / Category,Badges / Category,UI / Category Badge
Instance property value,03 — Darkroom / Library:I4010:5467;4009:3784:UI / Category Badge/Color,Stale,Slate
Node,03 — Darkroom / Library:I4010:5467;4009:3784;4010:4315:03 — Darkroom / Library/Darkroom / Library/main/project-data/feedback-list/UI / File Thumb/Frame 5/UI / Category Badge/Label Alternative / Xxtra Small 9.6px,Label Alternative / Xxtra Small 9.6px,Label Alternative / Extra Small 9.6px
Node,03 — Darkroom / Library:I4010:5467;4008:2982:03 — Darkroom / Library/Darkroom / Library/main/project-data/feedback-list/UI / File Thumb/date-created/icon,icon,UI / Icon
Instance property,03 — Darkroom / Library:I4010:5467;4008:2982:UI / Icon,icon style,Icon
Instance property value,03 — Darkroom / Library:I4010:5467;4008:2982:UI / Icon/Icon,icon-time,Time
Node,03 — Darkroom / Library:4010:5331:03 — Darkroom / Library/Darkroom / Library/main/project-data/feedback-list/File Thumb,File Thumb,UI / File Thumb
Instance property,03 — Darkroom / Library:4010:5331:UI / File Thumb,state,State
Node,03 — Darkroom / Library:I4010:5331;93:8205:03 — Darkroom / Library/Darkroom / Library/main/project-data/feedback-list/UI / File Thumb/Image,Image,UI / Image
Instance property,03 — Darkroom / Library:I4010:5331;93:8205:UI / Image,Value,Image
Instance property value,03 — Darkroom / Library:I4010:5331;93:8205:UI / Image/Image,image-1,1
Node,03 — Darkroom / Library:I4010:5331;4009:3510:03 — Darkroom / Library/Darkroom / Library/main/project-data/feedback-list/UI / File Thumb/Frame 5/Badges / Category,Badges / Category,UI / Category Badge
Node,03 — Darkroom / Library:I4010:5331;4009:3510;4009:3497:03 — Darkroom / Library/Darkroom / Library/main/project-data/feedback-list/UI / File Thumb/Frame 5/UI / Category Badge/Label Alternative / Xxtra Small 9.6px,Label Alternative / Xxtra Small 9.6px,Label Alternative / Extra Small 9.6px
Node,03 — Darkroom / Library:I4010:5331;4009:3784:03 — Darkroom / Library/Darkroom / Library/main/project-data/feedback-list/UI / File Thumb/Frame 5/Badges / Category,Badges / Category,UI / Category Badge
Instance property value,03 — Darkroom / Library:I4010:5331;4009:3784:UI / Category Badge/Color,Stale,Slate
Node,03 — Darkroom / Library:I4010:5331;4009:3784;4010:4315:03 — Darkroom / Library/Darkroom / Library/main/project-data/feedback-list/UI / File Thumb/Frame 5/UI / Category Badge/Label Alternative / Xxtra Small 9.6px,Label Alternative / Xxtra Small 9.6px,Label Alternative / Extra Small 9.6px
Node,03 — Darkroom / Library:I4010:5331;4008:2982:03 — Darkroom / Library/Darkroom / Library/main/project-data/feedback-list/UI / File Thumb/date-created/icon,icon,UI / Icon
Instance property,03 — Darkroom / Library:I4010:5331;4008:2982:UI / Icon,icon style,Icon
Instance property value,03 — Darkroom / Library:I4010:5331;4008:2982:UI / Icon/Icon,icon-time,Time
Node,03 — Darkroom / Library:4010:5110:03 — Darkroom / Library/Darkroom / Library/main/project-data/feedback-list/File Thumb,File Thumb,UI / File Thumb
Instance property,03 — Darkroom / Library:4010:5110:UI / File Thumb,state,State
Node,03 — Darkroom / Library:I4010:5110;93:8205:03 — Darkroom / Library/Darkroom / Library/main/project-data/feedback-list/UI / File Thumb/Image,Image,UI / Image
Instance property,03 — Darkroom / Library:I4010:5110;93:8205:UI / Image,Value,Image
Instance property value,03 — Darkroom / Library:I4010:5110;93:8205:UI / Image/Image,image-1,1
Node,03 — Darkroom / Library:I4010:5110;4009:3510:03 — Darkroom / Library/Darkroom / Library/main/project-data/feedback-list/UI / File Thumb/Frame 5/Badges / Category,Badges / Category,UI / Category Badge
Node,03 — Darkroom / Library:I4010:5110;4009:3510;4009:3503:03 — Darkroom / Library/Darkroom / Library/main/project-data/feedback-list/UI / File Thumb/Frame 5/UI / Category Badge/Label Alternative / Xxtra Small 9.6px,Label Alternative / Xxtra Small 9.6px,Label Alternative / Extra Small 9.6px
Node,03 — Darkroom / Library:I4010:5110;4009:3784:03 — Darkroom / Library/Darkroom / Library/main/project-data/feedback-list/UI / File Thumb/Frame 5/Badges / Category,Badges / Category,UI / Category Badge
Instance property value,03 — Darkroom / Library:I4010:5110;4009:3784:UI / Category Badge/Color,Stale,Slate
Node,03 — Darkroom / Library:I4010:5110;4009:3784;4010:4315:03 — Darkroom / Library/Darkroom / Library/main/project-data/feedback-list/UI / File Thumb/Frame 5/UI / Category Badge/Label Alternative / Xxtra Small 9.6px,Label Alternative / Xxtra Small 9.6px,Label Alternative / Extra Small 9.6px
Node,03 — Darkroom / Library:I4010:5110;4008:2982:03 — Darkroom / Library/Darkroom / Library/main/project-data/feedback-list/UI / File Thumb/date-created/icon,icon,UI / Icon
Instance property,03 — Darkroom / Library:I4010:5110;4008:2982:UI / Icon,icon style,Icon
Instance property value,03 — Darkroom / Library:I4010:5110;4008:2982:UI / Icon/Icon,icon-time,Time
Node,03 — Darkroom / Library:4010:5433:03 — Darkroom / Library/Darkroom / Library/main/project-data/feedback-list/File Thumb,File Thumb,UI / File Thumb
Instance property,03 — Darkroom / Library:4010:5433:UI / File Thumb,state,State
Node,03 — Darkroom / Library:I4010:5433;93:8205:03 — Darkroom / Library/Darkroom / Library/main/project-data/feedback-list/UI / File Thumb/Image,Image,UI / Image
Instance property,03 — Darkroom / Library:I4010:5433;93:8205:UI / Image,Value,Image
Instance property value,03 — Darkroom / Library:I4010:5433;93:8205:UI / Image/Image,image-1,1
Node,03 — Darkroom / Library:I4010:5433;4009:3510:03 — Darkroom / Library/Darkroom / Library/main/project-data/feedback-list/UI / File Thumb/Frame 5/Badges / Category,Badges / Category,UI / Category Badge
Node,03 — Darkroom / Library:I4010:5433;4009:3510;4009:3503:03 — Darkroom / Library/Darkroom / Library/main/project-data/feedback-list/UI / File Thumb/Frame 5/UI / Category Badge/Label Alternative / Xxtra Small 9.6px,Label Alternative / Xxtra Small 9.6px,Label Alternative / Extra Small 9.6px
Node,03 — Darkroom / Library:I4010:5433;4009:3784:03 — Darkroom / Library/Darkroom / Library/main/project-data/feedback-list/UI / File Thumb/Frame 5/Badges / Category,Badges / Category,UI / Category Badge
Instance property value,03 — Darkroom / Library:I4010:5433;4009:3784:UI / Category Badge/Color,Stale,Slate
Node,03 — Darkroom / Library:I4010:5433;4009:3784;4010:4315:03 — Darkroom / Library/Darkroom / Library/main/project-data/feedback-list/UI / File Thumb/Frame 5/UI / Category Badge/Label Alternative / Xxtra Small 9.6px,Label Alternative / Xxtra Small 9.6px,Label Alternative / Extra Small 9.6px
Node,03 — Darkroom / Library:I4010:5433;4008:2982:03 — Darkroom / Library/Darkroom / Library/main/project-data/feedback-list/UI / File Thumb/date-created/icon,icon,UI / Icon
Instance property,03 — Darkroom / Library:I4010:5433;4008:2982:UI / Icon,icon style,Icon
Instance property value,03 — Darkroom / Library:I4010:5433;4008:2982:UI / Icon/Icon,icon-time,Time
Node,03 — Darkroom / Library:4010:5416:03 — Darkroom / Library/Darkroom / Library/main/project-data/feedback-list/File Thumb,File Thumb,UI / File Thumb
Instance property,03 — Darkroom / Library:4010:5416:UI / File Thumb,state,State
Node,03 — Darkroom / Library:I4010:5416;93:8205:03 — Darkroom / Library/Darkroom / Library/main/project-data/feedback-list/UI / File Thumb/Image,Image,UI / Image
Instance property,03 — Darkroom / Library:I4010:5416;93:8205:UI / Image,Value,Image
Instance property value,03 — Darkroom / Library:I4010:5416;93:8205:UI / Image/Image,image-1,1
Node,03 — Darkroom / Library:I4010:5416;4009:3510:03 — Darkroom / Library/Darkroom / Library/main/project-data/feedback-list/UI / File Thumb/Frame 5/Badges / Category,Badges / Category,UI / Category Badge
Node,03 — Darkroom / Library:I4010:5416;4009:3510;4009:3503:03 — Darkroom / Library/Darkroom / Library/main/project-data/feedback-list/UI / File Thumb/Frame 5/UI / Category Badge/Label Alternative / Xxtra Small 9.6px,Label Alternative / Xxtra Small 9.6px,Label Alternative / Extra Small 9.6px
Node,03 — Darkroom / Library:I4010:5416;4009:3784:03 — Darkroom / Library/Darkroom / Library/main/project-data/feedback-list/UI / File Thumb/Frame 5/Badges / Category,Badges / Category,UI / Category Badge
Instance property value,03 — Darkroom / Library:I4010:5416;4009:3784:UI / Category Badge/Color,Stale,Slate
Node,03 — Darkroom / Library:I4010:5416;4009:3784;4010:4315:03 — Darkroom / Library/Darkroom / Library/main/project-data/feedback-list/UI / File Thumb/Frame 5/UI / Category Badge/Label Alternative / Xxtra Small 9.6px,Label Alternative / Xxtra Small 9.6px,Label Alternative / Extra Small 9.6px
Node,03 — Darkroom / Library:I4010:5416;4008:2982:03 — Darkroom / Library/Darkroom / Library/main/project-data/feedback-list/UI / File Thumb/date-created/icon,icon,UI / Icon
Instance property,03 — Darkroom / Library:I4010:5416;4008:2982:UI / Icon,icon style,Icon
Instance property value,03 — Darkroom / Library:I4010:5416;4008:2982:UI / Icon/Icon,icon-time,Time
Node,03 — Darkroom / Library:4010:5382:03 — Darkroom / Library/Darkroom / Library/main/project-data/feedback-list/File Thumb,File Thumb,UI / File Thumb
Instance property,03 — Darkroom / Library:4010:5382:UI / File Thumb,state,State
Node,03 — Darkroom / Library:I4010:5382;93:8205:03 — Darkroom / Library/Darkroom / Library/main/project-data/feedback-list/UI / File Thumb/Image,Image,UI / Image
Instance property,03 — Darkroom / Library:I4010:5382;93:8205:UI / Image,Value,Image
Instance property value,03 — Darkroom / Library:I4010:5382;93:8205:UI / Image/Image,image-1,1
Node,03 — Darkroom / Library:I4010:5382;4009:3510:03 — Darkroom / Library/Darkroom / Library/main/project-data/feedback-list/UI / File Thumb/Frame 5/Badges / Category,Badges / Category,UI / Category Badge
Node,03 — Darkroom / Library:I4010:5382;4009:3510;4009:3503:03 — Darkroom / Library/Darkroom / Library/main/project-data/feedback-list/UI / File Thumb/Frame 5/UI / Category Badge/Label Alternative / Xxtra Small 9.6px,Label Alternative / Xxtra Small 9.6px,Label Alternative / Extra Small 9.6px
Node,03 — Darkroom / Library:I4010:5382;4009:3784:03 — Darkroom / Library/Darkroom / Library/main/project-data/feedback-list/UI / File Thumb/Frame 5/Badges / Category,Badges / Category,UI / Category Badge
Instance property value,03 — Darkroom / Library:I4010:5382;4009:3784:UI / Category Badge/Color,Stale,Slate
Node,03 — Darkroom / Library:I4010:5382;4009:3784;4010:4315:03 — Darkroom / Library/Darkroom / Library/main/project-data/feedback-list/UI / File Thumb/Frame 5/UI / Category Badge/Label Alternative / Xxtra Small 9.6px,Label Alternative / Xxtra Small 9.6px,Label Alternative / Extra Small 9.6px
Node,03 — Darkroom / Library:I4010:5382;4008:2982:03 — Darkroom / Library/Darkroom / Library/main/project-data/feedback-list/UI / File Thumb/date-created/icon,icon,UI / Icon
Instance property,03 — Darkroom / Library:I4010:5382;4008:2982:UI / Icon,icon style,Icon
Instance property value,03 — Darkroom / Library:I4010:5382;4008:2982:UI / Icon/Icon,icon-time,Time
Node,03 — Darkroom / Library:4010:5314:03 — Darkroom / Library/Darkroom / Library/main/project-data/feedback-list/File Thumb,File Thumb,UI / File Thumb
Instance property,03 — Darkroom / Library:4010:5314:UI / File Thumb,state,State
Node,03 — Darkroom / Library:I4010:5314;93:8205:03 — Darkroom / Library/Darkroom / Library/main/project-data/feedback-list/UI / File Thumb/Image,Image,UI / Image
Instance property,03 — Darkroom / Library:I4010:5314;93:8205:UI / Image,Value,Image
Instance property value,03 — Darkroom / Library:I4010:5314;93:8205:UI / Image/Image,image-1,1
Node,03 — Darkroom / Library:I4010:5314;4009:3510:03 — Darkroom / Library/Darkroom / Library/main/project-data/feedback-list/UI / File Thumb/Frame 5/Badges / Category,Badges / Category,UI / Category Badge
Node,03 — Darkroom / Library:I4010:5314;4009:3510;4009:3503:03 — Darkroom / Library/Darkroom / Library/main/project-data/feedback-list/UI / File Thumb/Frame 5/UI / Category Badge/Label Alternative / Xxtra Small 9.6px,Label Alternative / Xxtra Small 9.6px,Label Alternative / Extra Small 9.6px
Node,03 — Darkroom / Library:I4010:5314;4009:3784:03 — Darkroom / Library/Darkroom / Library/main/project-data/feedback-list/UI / File Thumb/Frame 5/Badges / Category,Badges / Category,UI / Category Badge
Instance property value,03 — Darkroom / Library:I4010:5314;4009:3784:UI / Category Badge/Color,Stale,Slate
Node,03 — Darkroom / Library:I4010:5314;4009:3784;4010:4315:03 — Darkroom / Library/Darkroom / Library/main/project-data/feedback-list/UI / File Thumb/Frame 5/UI / Category Badge/Label Alternative / Xxtra Small 9.6px,Label Alternative / Xxtra Small 9.6px,Label Alternative / Extra Small 9.6px
Node,03 — Darkroom / Library:I4010:5314;4008:2982:03 — Darkroom / Library/Darkroom / Library/main/project-data/feedback-list/UI / File Thumb/date-created/icon,icon,UI / Icon
Instance property,03 — Darkroom / Library:I4010:5314;4008:2982:UI / Icon,icon style,Icon
Instance property value,03 — Darkroom / Library:I4010:5314;4008:2982:UI / Icon/Icon,icon-time,Time
Node,03 — Darkroom / Library:4010:5093:03 — Darkroom / Library/Darkroom / Library/main/project-data/feedback-list/File Thumb,File Thumb,UI / File Thumb
Instance property,03 — Darkroom / Library:4010:5093:UI / File Thumb,state,State
Node,03 — Darkroom / Library:I4010:5093;93:8205:03 — Darkroom / Library/Darkroom / Library/main/project-data/feedback-list/UI / File Thumb/Image,Image,UI / Image
Instance property,03 — Darkroom / Library:I4010:5093;93:8205:UI / Image,Value,Image
Instance property value,03 — Darkroom / Library:I4010:5093;93:8205:UI / Image/Image,image-1,1
Node,03 — Darkroom / Library:I4010:5093;4009:3510:03 — Darkroom / Library/Darkroom / Library/main/project-data/feedback-list/UI / File Thumb/Frame 5/Badges / Category,Badges / Category,UI / Category Badge
Node,03 — Darkroom / Library:I4010:5093;4009:3510;4009:3503:03 — Darkroom / Library/Darkroom / Library/main/project-data/feedback-list/UI / File Thumb/Frame 5/UI / Category Badge/Label Alternative / Xxtra Small 9.6px,Label Alternative / Xxtra Small 9.6px,Label Alternative / Extra Small 9.6px
Node,03 — Darkroom / Library:I4010:5093;4009:3784:03 — Darkroom / Library/Darkroom / Library/main/project-data/feedback-list/UI / File Thumb/Frame 5/Badges / Category,Badges / Category,UI / Category Badge
Instance property value,03 — Darkroom / Library:I4010:5093;4009:3784:UI / Category Badge/Color,Stale,Slate
Node,03 — Darkroom / Library:I4010:5093;4009:3784;4010:4315:03 — Darkroom / Library/Darkroom / Library/main/project-data/feedback-list/UI / File Thumb/Frame 5/UI / Category Badge/Label Alternative / Xxtra Small 9.6px,Label Alternative / Xxtra Small 9.6px,Label Alternative / Extra Small 9.6px
Node,03 — Darkroom / Library:I4010:5093;4008:2982:03 — Darkroom / Library/Darkroom / Library/main/project-data/feedback-list/UI / File Thumb/date-created/icon,icon,UI / Icon
Instance property,03 — Darkroom / Library:I4010:5093;4008:2982:UI / Icon,icon style,Icon
Instance property value,03 — Darkroom / Library:I4010:5093;4008:2982:UI / Icon/Icon,icon-time,Time
Node,03 — Darkroom / Library:4010:5042:03 — Darkroom / Library/Darkroom / Library/main/project-data/feedback-list/File Thumb,File Thumb,UI / File Thumb
Instance property,03 — Darkroom / Library:4010:5042:UI / File Thumb,state,State
Node,03 — Darkroom / Library:I4010:5042;93:8205:03 — Darkroom / Library/Darkroom / Library/main/project-data/feedback-list/UI / File Thumb/Image,Image,UI / Image
Instance property,03 — Darkroom / Library:I4010:5042;93:8205:UI / Image,Value,Image
Instance property value,03 — Darkroom / Library:I4010:5042;93:8205:UI / Image/Image,image-1,1
Node,03 — Darkroom / Library:I4010:5042;4009:3510:03 — Darkroom / Library/Darkroom / Library/main/project-data/feedback-list/UI / File Thumb/Frame 5/Badges / Category,Badges / Category,UI / Category Badge
Node,03 — Darkroom / Library:I4010:5042;4009:3510;4009:3503:03 — Darkroom / Library/Darkroom / Library/main/project-data/feedback-list/UI / File Thumb/Frame 5/UI / Category Badge/Label Alternative / Xxtra Small 9.6px,Label Alternative / Xxtra Small 9.6px,Label Alternative / Extra Small 9.6px
Node,03 — Darkroom / Library:I4010:5042;4009:3784:03 — Darkroom / Library/Darkroom / Library/main/project-data/feedback-list/UI / File Thumb/Frame 5/Badges / Category,Badges / Category,UI / Category Badge
Instance property value,03 — Darkroom / Library:I4010:5042;4009:3784:UI / Category Badge/Color,Stale,Slate
Node,03 — Darkroom / Library:I4010:5042;4009:3784;4010:4315:03 — Darkroom / Library/Darkroom / Library/main/project-data/feedback-list/UI / File Thumb/Frame 5/UI / Category Badge/Label Alternative / Xxtra Small 9.6px,Label Alternative / Xxtra Small 9.6px,Label Alternative / Extra Small 9.6px
Node,03 — Darkroom / Library:I4010:5042;4008:2982:03 — Darkroom / Library/Darkroom / Library/main/project-data/feedback-list/UI / File Thumb/date-created/icon,icon,UI / Icon
Instance property,03 — Darkroom / Library:I4010:5042;4008:2982:UI / Icon,icon style,Icon
Instance property value,03 — Darkroom / Library:I4010:5042;4008:2982:UI / Icon/Icon,icon-time,Time
Node,03 — Darkroom / Library:4010:5263:03 — Darkroom / Library/Darkroom / Library/main/project-data/feedback-list/File Thumb,File Thumb,UI / File Thumb
Instance property,03 — Darkroom / Library:4010:5263:UI / File Thumb,state,State
Node,03 — Darkroom / Library:I4010:5263;93:8205:03 — Darkroom / Library/Darkroom / Library/main/project-data/feedback-list/UI / File Thumb/Image,Image,UI / Image
Instance property,03 — Darkroom / Library:I4010:5263;93:8205:UI / Image,Value,Image
Instance property value,03 — Darkroom / Library:I4010:5263;93:8205:UI / Image/Image,image-1,1
Node,03 — Darkroom / Library:I4010:5263;4009:3510:03 — Darkroom / Library/Darkroom / Library/main/project-data/feedback-list/UI / File Thumb/Frame 5/Badges / Category,Badges / Category,UI / Category Badge
Node,03 — Darkroom / Library:I4010:5263;4009:3510;4009:3503:03 — Darkroom / Library/Darkroom / Library/main/project-data/feedback-list/UI / File Thumb/Frame 5/UI / Category Badge/Label Alternative / Xxtra Small 9.6px,Label Alternative / Xxtra Small 9.6px,Label Alternative / Extra Small 9.6px
Node,03 — Darkroom / Library:I4010:5263;4009:3784:03 — Darkroom / Library/Darkroom / Library/main/project-data/feedback-list/UI / File Thumb/Frame 5/Badges / Category,Badges / Category,UI / Category Badge
Instance property value,03 — Darkroom / Library:I4010:5263;4009:3784:UI / Category Badge/Color,Stale,Slate
Node,03 — Darkroom / Library:I4010:5263;4009:3784;4010:4315:03 — Darkroom / Library/Darkroom / Library/main/project-data/feedback-list/UI / File Thumb/Frame 5/UI / Category Badge/Label Alternative / Xxtra Small 9.6px,Label Alternative / Xxtra Small 9.6px,Label Alternative / Extra Small 9.6px
Node,03 — Darkroom / Library:I4010:5263;4008:2982:03 — Darkroom / Library/Darkroom / Library/main/project-data/feedback-list/UI / File Thumb/date-created/icon,icon,UI / Icon
Instance property,03 — Darkroom / Library:I4010:5263;4008:2982:UI / Icon,icon style,Icon
Instance property value,03 — Darkroom / Library:I4010:5263;4008:2982:UI / Icon/Icon,icon-time,Time
Node,03 — Darkroom / Library:4010:5212:03 — Darkroom / Library/Darkroom / Library/main/project-data/feedback-list/File Thumb,File Thumb,UI / File Thumb
Instance property,03 — Darkroom / Library:4010:5212:UI / File Thumb,state,State
Node,03 — Darkroom / Library:I4010:5212;93:8205:03 — Darkroom / Library/Darkroom / Library/main/project-data/feedback-list/UI / File Thumb/Image,Image,UI / Image
Instance property,03 — Darkroom / Library:I4010:5212;93:8205:UI / Image,Value,Image
Instance property value,03 — Darkroom / Library:I4010:5212;93:8205:UI / Image/Image,image-1,1
Node,03 — Darkroom / Library:I4010:5212;4009:3510:03 — Darkroom / Library/Darkroom / Library/main/project-data/feedback-list/UI / File Thumb/Frame 5/Badges / Category,Badges / Category,UI / Category Badge
Node,03 — Darkroom / Library:I4010:5212;4009:3510;4009:3503:03 — Darkroom / Library/Darkroom / Library/main/project-data/feedback-list/UI / File Thumb/Frame 5/UI / Category Badge/Label Alternative / Xxtra Small 9.6px,Label Alternative / Xxtra Small 9.6px,Label Alternative / Extra Small 9.6px
Node,03 — Darkroom / Library:I4010:5212;4009:3784:03 — Darkroom / Library/Darkroom / Library/main/project-data/feedback-list/UI / File Thumb/Frame 5/Badges / Category,Badges / Category,UI / Category Badge
Instance property value,03 — Darkroom / Library:I4010:5212;4009:3784:UI / Category Badge/Color,Stale,Slate
Node,03 — Darkroom / Library:I4010:5212;4009:3784;4010:4315:03 — Darkroom / Library/Darkroom / Library/main/project-data/feedback-list/UI / File Thumb/Frame 5/UI / Category Badge/Label Alternative / Xxtra Small 9.6px,Label Alternative / Xxtra Small 9.6px,Label Alternative / Extra Small 9.6px
Node,03 — Darkroom / Library:I4010:5212;4008:2982:03 — Darkroom / Library/Darkroom / Library/main/project-data/feedback-list/UI / File Thumb/date-created/icon,icon,UI / Icon
Instance property,03 — Darkroom / Library:I4010:5212;4008:2982:UI / Icon,icon style,Icon
Instance property value,03 — Darkroom / Library:I4010:5212;4008:2982:UI / Icon/Icon,icon-time,Time
Node,03 — Darkroom / Library:4010:5161:03 — Darkroom / Library/Darkroom / Library/main/project-data/feedback-list/File Thumb,File Thumb,UI / File Thumb
Instance property,03 — Darkroom / Library:4010:5161:UI / File Thumb,state,State
Node,03 — Darkroom / Library:I4010:5161;93:8205:03 — Darkroom / Library/Darkroom / Library/main/project-data/feedback-list/UI / File Thumb/Image,Image,UI / Image
Instance property,03 — Darkroom / Library:I4010:5161;93:8205:UI / Image,Value,Image
Instance property value,03 — Darkroom / Library:I4010:5161;93:8205:UI / Image/Image,image-1,1
Node,03 — Darkroom / Library:I4010:5161;4009:3510:03 — Darkroom / Library/Darkroom / Library/main/project-data/feedback-list/UI / File Thumb/Frame 5/Badges / Category,Badges / Category,UI / Category Badge
Node,03 — Darkroom / Library:I4010:5161;4009:3510;4009:3503:03 — Darkroom / Library/Darkroom / Library/main/project-data/feedback-list/UI / File Thumb/Frame 5/UI / Category Badge/Label Alternative / Xxtra Small 9.6px,Label Alternative / Xxtra Small 9.6px,Label Alternative / Extra Small 9.6px
Node,03 — Darkroom / Library:I4010:5161;4009:3784:03 — Darkroom / Library/Darkroom / Library/main/project-data/feedback-list/UI / File Thumb/Frame 5/Badges / Category,Badges / Category,UI / Category Badge
Instance property value,03 — Darkroom / Library:I4010:5161;4009:3784:UI / Category Badge/Color,Stale,Slate
Node,03 — Darkroom / Library:I4010:5161;4009:3784;4010:4315:03 — Darkroom / Library/Darkroom / Library/main/project-data/feedback-list/UI / File Thumb/Frame 5/UI / Category Badge/Label Alternative / Xxtra Small 9.6px,Label Alternative / Xxtra Small 9.6px,Label Alternative / Extra Small 9.6px
Node,03 — Darkroom / Library:I4010:5161;4008:2982:03 — Darkroom / Library/Darkroom / Library/main/project-data/feedback-list/UI / File Thumb/date-created/icon,icon,UI / Icon
Instance property,03 — Darkroom / Library:I4010:5161;4008:2982:UI / Icon,icon style,Icon
Instance property value,03 — Darkroom / Library:I4010:5161;4008:2982:UI / Icon/Icon,icon-time,Time
Node,03 — Darkroom / Library:4010:5144:03 — Darkroom / Library/Darkroom / Library/main/project-data/feedback-list/File Thumb,File Thumb,UI / File Thumb
Instance property,03 — Darkroom / Library:4010:5144:UI / File Thumb,state,State
Node,03 — Darkroom / Library:I4010:5144;93:8205:03 — Darkroom / Library/Darkroom / Library/main/project-data/feedback-list/UI / File Thumb/Image,Image,UI / Image
Instance property,03 — Darkroom / Library:I4010:5144;93:8205:UI / Image,Value,Image
Instance property value,03 — Darkroom / Library:I4010:5144;93:8205:UI / Image/Image,image-1,1
Node,03 — Darkroom / Library:I4010:5144;4009:3510:03 — Darkroom / Library/Darkroom / Library/main/project-data/feedback-list/UI / File Thumb/Frame 5/Badges / Category,Badges / Category,UI / Category Badge
Node,03 — Darkroom / Library:I4010:5144;4009:3510;4009:3503:03 — Darkroom / Library/Darkroom / Library/main/project-data/feedback-list/UI / File Thumb/Frame 5/UI / Category Badge/Label Alternative / Xxtra Small 9.6px,Label Alternative / Xxtra Small 9.6px,Label Alternative / Extra Small 9.6px
Node,03 — Darkroom / Library:I4010:5144;4009:3784:03 — Darkroom / Library/Darkroom / Library/main/project-data/feedback-list/UI / File Thumb/Frame 5/Badges / Category,Badges / Category,UI / Category Badge
Instance property value,03 — Darkroom / Library:I4010:5144;4009:3784:UI / Category Badge/Color,Stale,Slate
Node,03 — Darkroom / Library:I4010:5144;4009:3784;4010:4315:03 — Darkroom / Library/Darkroom / Library/main/project-data/feedback-list/UI / File Thumb/Frame 5/UI / Category Badge/Label Alternative / Xxtra Small 9.6px,Label Alternative / Xxtra Small 9.6px,Label Alternative / Extra Small 9.6px
Node,03 — Darkroom / Library:I4010:5144;4008:2982:03 — Darkroom / Library/Darkroom / Library/main/project-data/feedback-list/UI / File Thumb/date-created/icon,icon,UI / Icon
Instance property,03 — Darkroom / Library:I4010:5144;4008:2982:UI / Icon,icon style,Icon
Instance property value,03 — Darkroom / Library:I4010:5144;4008:2982:UI / Icon/Icon,icon-time,Time
Node,03 — Darkroom / Library:4010:5076:03 — Darkroom / Library/Darkroom / Library/main/project-data/feedback-list/File Thumb,File Thumb,UI / File Thumb
Instance property,03 — Darkroom / Library:4010:5076:UI / File Thumb,state,State
Node,03 — Darkroom / Library:I4010:5076;93:8205:03 — Darkroom / Library/Darkroom / Library/main/project-data/feedback-list/UI / File Thumb/Image,Image,UI / Image
Instance property,03 — Darkroom / Library:I4010:5076;93:8205:UI / Image,Value,Image
Instance property value,03 — Darkroom / Library:I4010:5076;93:8205:UI / Image/Image,image-1,1
Node,03 — Darkroom / Library:I4010:5076;4009:3510:03 — Darkroom / Library/Darkroom / Library/main/project-data/feedback-list/UI / File Thumb/Frame 5/Badges / Category,Badges / Category,UI / Category Badge
Node,03 — Darkroom / Library:I4010:5076;4009:3510;4009:3503:03 — Darkroom / Library/Darkroom / Library/main/project-data/feedback-list/UI / File Thumb/Frame 5/UI / Category Badge/Label Alternative / Xxtra Small 9.6px,Label Alternative / Xxtra Small 9.6px,Label Alternative / Extra Small 9.6px
Node,03 — Darkroom / Library:I4010:5076;4009:3784:03 — Darkroom / Library/Darkroom / Library/main/project-data/feedback-list/UI / File Thumb/Frame 5/Badges / Category,Badges / Category,UI / Category Badge
Instance property value,03 — Darkroom / Library:I4010:5076;4009:3784:UI / Category Badge/Color,Stale,Slate
Node,03 — Darkroom / Library:I4010:5076;4009:3784;4010:4315:03 — Darkroom / Library/Darkroom / Library/main/project-data/feedback-list/UI / File Thumb/Frame 5/UI / Category Badge/Label Alternative / Xxtra Small 9.6px,Label Alternative / Xxtra Small 9.6px,Label Alternative / Extra Small 9.6px
Node,03 — Darkroom / Library:I4010:5076;4008:2982:03 — Darkroom / Library/Darkroom / Library/main/project-data/feedback-list/UI / File Thumb/date-created/icon,icon,UI / Icon
Instance property,03 — Darkroom / Library:I4010:5076;4008:2982:UI / Icon,icon style,Icon
Instance property value,03 — Darkroom / Library:I4010:5076;4008:2982:UI / Icon/Icon,icon-time,Time
Node,03 — Darkroom / Library:4010:5280:03 — Darkroom / Library/Darkroom / Library/main/project-data/feedback-list/File Thumb,File Thumb,UI / File Thumb
Instance property,03 — Darkroom / Library:4010:5280:UI / File Thumb,state,State
Node,03 — Darkroom / Library:I4010:5280;93:8205:03 — Darkroom / Library/Darkroom / Library/main/project-data/feedback-list/UI / File Thumb/Image,Image,UI / Image
Instance property,03 — Darkroom / Library:I4010:5280;93:8205:UI / Image,Value,Image
Instance property value,03 — Darkroom / Library:I4010:5280;93:8205:UI / Image/Image,image-1,1
Node,03 — Darkroom / Library:I4010:5280;4009:3510:03 — Darkroom / Library/Darkroom / Library/main/project-data/feedback-list/UI / File Thumb/Frame 5/Badges / Category,Badges / Category,UI / Category Badge
Node,03 — Darkroom / Library:I4010:5280;4009:3510;4009:3503:03 — Darkroom / Library/Darkroom / Library/main/project-data/feedback-list/UI / File Thumb/Frame 5/UI / Category Badge/Label Alternative / Xxtra Small 9.6px,Label Alternative / Xxtra Small 9.6px,Label Alternative / Extra Small 9.6px
Node,03 — Darkroom / Library:I4010:5280;4009:3784:03 — Darkroom / Library/Darkroom / Library/main/project-data/feedback-list/UI / File Thumb/Frame 5/Badges / Category,Badges / Category,UI / Category Badge
Instance property value,03 — Darkroom / Library:I4010:5280;4009:3784:UI / Category Badge/Color,Stale,Slate
Node,03 — Darkroom / Library:I4010:5280;4009:3784;4010:4315:03 — Darkroom / Library/Darkroom / Library/main/project-data/feedback-list/UI / File Thumb/Frame 5/UI / Category Badge/Label Alternative / Xxtra Small 9.6px,Label Alternative / Xxtra Small 9.6px,Label Alternative / Extra Small 9.6px
Node,03 — Darkroom / Library:I4010:5280;4008:2982:03 — Darkroom / Library/Darkroom / Library/main/project-data/feedback-list/UI / File Thumb/date-created/icon,icon,UI / Icon
Instance property,03 — Darkroom / Library:I4010:5280;4008:2982:UI / Icon,icon style,Icon
Instance property value,03 — Darkroom / Library:I4010:5280;4008:2982:UI / Icon/Icon,icon-time,Time
Node,03 — Darkroom / Library:4010:5178:03 — Darkroom / Library/Darkroom / Library/main/project-data/feedback-list/File Thumb,File Thumb,UI / File Thumb
Instance property,03 — Darkroom / Library:4010:5178:UI / File Thumb,state,State
Node,03 — Darkroom / Library:I4010:5178;93:8205:03 — Darkroom / Library/Darkroom / Library/main/project-data/feedback-list/UI / File Thumb/Image,Image,UI / Image
Instance property,03 — Darkroom / Library:I4010:5178;93:8205:UI / Image,Value,Image
Instance property value,03 — Darkroom / Library:I4010:5178;93:8205:UI / Image/Image,image-1,1
Node,03 — Darkroom / Library:I4010:5178;4009:3510:03 — Darkroom / Library/Darkroom / Library/main/project-data/feedback-list/UI / File Thumb/Frame 5/Badges / Category,Badges / Category,UI / Category Badge
Node,03 — Darkroom / Library:I4010:5178;4009:3510;4009:3503:03 — Darkroom / Library/Darkroom / Library/main/project-data/feedback-list/UI / File Thumb/Frame 5/UI / Category Badge/Label Alternative / Xxtra Small 9.6px,Label Alternative / Xxtra Small 9.6px,Label Alternative / Extra Small 9.6px
Node,03 — Darkroom / Library:I4010:5178;4009:3784:03 — Darkroom / Library/Darkroom / Library/main/project-data/feedback-list/UI / File Thumb/Frame 5/Badges / Category,Badges / Category,UI / Category Badge
Instance property value,03 — Darkroom / Library:I4010:5178;4009:3784:UI / Category Badge/Color,Stale,Slate
Node,03 — Darkroom / Library:I4010:5178;4009:3784;4010:4315:03 — Darkroom / Library/Darkroom / Library/main/project-data/feedback-list/UI / File Thumb/Frame 5/UI / Category Badge/Label Alternative / Xxtra Small 9.6px,Label Alternative / Xxtra Small 9.6px,Label Alternative / Extra Small 9.6px
Node,03 — Darkroom / Library:I4010:5178;4008:2982:03 — Darkroom / Library/Darkroom / Library/main/project-data/feedback-list/UI / File Thumb/date-created/icon,icon,UI / Icon
Instance property,03 — Darkroom / Library:I4010:5178;4008:2982:UI / Icon,icon style,Icon
Instance property value,03 — Darkroom / Library:I4010:5178;4008:2982:UI / Icon/Icon,icon-time,Time
Node,03 — Darkroom / Library:4010:5195:03 — Darkroom / Library/Darkroom / Library/main/project-data/feedback-list/File Thumb,File Thumb,UI / File Thumb
Instance property,03 — Darkroom / Library:4010:5195:UI / File Thumb,state,State
Node,03 — Darkroom / Library:I4010:5195;93:8205:03 — Darkroom / Library/Darkroom / Library/main/project-data/feedback-list/UI / File Thumb/Image,Image,UI / Image
Instance property,03 — Darkroom / Library:I4010:5195;93:8205:UI / Image,Value,Image
Instance property value,03 — Darkroom / Library:I4010:5195;93:8205:UI / Image/Image,image-1,1
Node,03 — Darkroom / Library:I4010:5195;4009:3510:03 — Darkroom / Library/Darkroom / Library/main/project-data/feedback-list/UI / File Thumb/Frame 5/Badges / Category,Badges / Category,UI / Category Badge
Node,03 — Darkroom / Library:I4010:5195;4009:3510;4009:3503:03 — Darkroom / Library/Darkroom / Library/main/project-data/feedback-list/UI / File Thumb/Frame 5/UI / Category Badge/Label Alternative / Xxtra Small 9.6px,Label Alternative / Xxtra Small 9.6px,Label Alternative / Extra Small 9.6px
Node,03 — Darkroom / Library:I4010:5195;4009:3784:03 — Darkroom / Library/Darkroom / Library/main/project-data/feedback-list/UI / File Thumb/Frame 5/Badges / Category,Badges / Category,UI / Category Badge
Instance property value,03 — Darkroom / Library:I4010:5195;4009:3784:UI / Category Badge/Color,Stale,Slate
Node,03 — Darkroom / Library:I4010:5195;4009:3784;4010:4315:03 — Darkroom / Library/Darkroom / Library/main/project-data/feedback-list/UI / File Thumb/Frame 5/UI / Category Badge/Label Alternative / Xxtra Small 9.6px,Label Alternative / Xxtra Small 9.6px,Label Alternative / Extra Small 9.6px
Node,03 — Darkroom / Library:I4010:5195;4008:2982:03 — Darkroom / Library/Darkroom / Library/main/project-data/feedback-list/UI / File Thumb/date-created/icon,icon,UI / Icon
Instance property,03 — Darkroom / Library:I4010:5195;4008:2982:UI / Icon,icon style,Icon
Instance property value,03 — Darkroom / Library:I4010:5195;4008:2982:UI / Icon/Icon,icon-time,Time
Node,03 — Darkroom / Library:4010:5348:03 — Darkroom / Library/Darkroom / Library/main/project-data/feedback-list/File Thumb,File Thumb,UI / File Thumb
Instance property,03 — Darkroom / Library:4010:5348:UI / File Thumb,state,State
Node,03 — Darkroom / Library:I4010:5348;93:8205:03 — Darkroom / Library/Darkroom / Library/main/project-data/feedback-list/UI / File Thumb/Image,Image,UI / Image
Instance property,03 — Darkroom / Library:I4010:5348;93:8205:UI / Image,Value,Image
Instance property value,03 — Darkroom / Library:I4010:5348;93:8205:UI / Image/Image,image-1,1
Node,03 — Darkroom / Library:I4010:5348;4009:3510:03 — Darkroom / Library/Darkroom / Library/main/project-data/feedback-list/UI / File Thumb/Frame 5/Badges / Category,Badges / Category,UI / Category Badge
Node,03 — Darkroom / Library:I4010:5348;4009:3510;4009:3503:03 — Darkroom / Library/Darkroom / Library/main/project-data/feedback-list/UI / File Thumb/Frame 5/UI / Category Badge/Label Alternative / Xxtra Small 9.6px,Label Alternative / Xxtra Small 9.6px,Label Alternative / Extra Small 9.6px
Node,03 — Darkroom / Library:I4010:5348;4009:3784:03 — Darkroom / Library/Darkroom / Library/main/project-data/feedback-list/UI / File Thumb/Frame 5/Badges / Category,Badges / Category,UI / Category Badge
Instance property value,03 — Darkroom / Library:I4010:5348;4009:3784:UI / Category Badge/Color,Stale,Slate
Node,03 — Darkroom / Library:I4010:5348;4009:3784;4010:4315:03 — Darkroom / Library/Darkroom / Library/main/project-data/feedback-list/UI / File Thumb/Frame 5/UI / Category Badge/Label Alternative / Xxtra Small 9.6px,Label Alternative / Xxtra Small 9.6px,Label Alternative / Extra Small 9.6px
Node,03 — Darkroom / Library:I4010:5348;4008:2982:03 — Darkroom / Library/Darkroom / Library/main/project-data/feedback-list/UI / File Thumb/date-created/icon,icon,UI / Icon
Instance property,03 — Darkroom / Library:I4010:5348;4008:2982:UI / Icon,icon style,Icon
Instance property value,03 — Darkroom / Library:I4010:5348;4008:2982:UI / Icon/Icon,icon-time,Time
Node,03 — Darkroom / Library:4010:5297:03 — Darkroom / Library/Darkroom / Library/main/project-data/feedback-list/File Thumb,File Thumb,UI / File Thumb
Instance property,03 — Darkroom / Library:4010:5297:UI / File Thumb,state,State
Node,03 — Darkroom / Library:I4010:5297;93:8205:03 — Darkroom / Library/Darkroom / Library/main/project-data/feedback-list/UI / File Thumb/Image,Image,UI / Image
Instance property,03 — Darkroom / Library:I4010:5297;93:8205:UI / Image,Value,Image
Instance property value,03 — Darkroom / Library:I4010:5297;93:8205:UI / Image/Image,image-1,1
Node,03 — Darkroom / Library:I4010:5297;4009:3510:03 — Darkroom / Library/Darkroom / Library/main/project-data/feedback-list/UI / File Thumb/Frame 5/Badges / Category,Badges / Category,UI / Category Badge
Node,03 — Darkroom / Library:I4010:5297;4009:3510;4009:3503:03 — Darkroom / Library/Darkroom / Library/main/project-data/feedback-list/UI / File Thumb/Frame 5/UI / Category Badge/Label Alternative / Xxtra Small 9.6px,Label Alternative / Xxtra Small 9.6px,Label Alternative / Extra Small 9.6px
Node,03 — Darkroom / Library:I4010:5297;4009:3784:03 — Darkroom / Library/Darkroom / Library/main/project-data/feedback-list/UI / File Thumb/Frame 5/Badges / Category,Badges / Category,UI / Category Badge
Instance property value,03 — Darkroom / Library:I4010:5297;4009:3784:UI / Category Badge/Color,Stale,Slate
Node,03 — Darkroom / Library:I4010:5297;4009:3784;4010:4315:03 — Darkroom / Library/Darkroom / Library/main/project-data/feedback-list/UI / File Thumb/Frame 5/UI / Category Badge/Label Alternative / Xxtra Small 9.6px,Label Alternative / Xxtra Small 9.6px,Label Alternative / Extra Small 9.6px
Node,03 — Darkroom / Library:I4010:5297;4008:2982:03 — Darkroom / Library/Darkroom / Library/main/project-data/feedback-list/UI / File Thumb/date-created/icon,icon,UI / Icon
Instance property,03 — Darkroom / Library:I4010:5297;4008:2982:UI / Icon,icon style,Icon
Instance property value,03 — Darkroom / Library:I4010:5297;4008:2982:UI / Icon/Icon,icon-time,Time
Node,03 — Darkroom / Library:4010:5246:03 — Darkroom / Library/Darkroom / Library/main/project-data/feedback-list/File Thumb,File Thumb,UI / File Thumb
Instance property,03 — Darkroom / Library:4010:5246:UI / File Thumb,state,State
Node,03 — Darkroom / Library:I4010:5246;93:8205:03 — Darkroom / Library/Darkroom / Library/main/project-data/feedback-list/UI / File Thumb/Image,Image,UI / Image
Instance property,03 — Darkroom / Library:I4010:5246;93:8205:UI / Image,Value,Image
Instance property value,03 — Darkroom / Library:I4010:5246;93:8205:UI / Image/Image,image-1,1
Node,03 — Darkroom / Library:I4010:5246;4009:3510:03 — Darkroom / Library/Darkroom / Library/main/project-data/feedback-list/UI / File Thumb/Frame 5/Badges / Category,Badges / Category,UI / Category Badge
Node,03 — Darkroom / Library:I4010:5246;4009:3510;4009:3503:03 — Darkroom / Library/Darkroom / Library/main/project-data/feedback-list/UI / File Thumb/Frame 5/UI / Category Badge/Label Alternative / Xxtra Small 9.6px,Label Alternative / Xxtra Small 9.6px,Label Alternative / Extra Small 9.6px
Node,03 — Darkroom / Library:I4010:5246;4009:3784:03 — Darkroom / Library/Darkroom / Library/main/project-data/feedback-list/UI / File Thumb/Frame 5/Badges / Category,Badges / Category,UI / Category Badge
Instance property value,03 — Darkroom / Library:I4010:5246;4009:3784:UI / Category Badge/Color,Stale,Slate
Node,03 — Darkroom / Library:I4010:5246;4009:3784;4010:4315:03 — Darkroom / Library/Darkroom / Library/main/project-data/feedback-list/UI / File Thumb/Frame 5/UI / Category Badge/Label Alternative / Xxtra Small 9.6px,Label Alternative / Xxtra Small 9.6px,Label Alternative / Extra Small 9.6px
Node,03 — Darkroom / Library:I4010:5246;4008:2982:03 — Darkroom / Library/Darkroom / Library/main/project-data/feedback-list/UI / File Thumb/date-created/icon,icon,UI / Icon
Instance property,03 — Darkroom / Library:I4010:5246;4008:2982:UI / Icon,icon style,Icon
Instance property value,03 — Darkroom / Library:I4010:5246;4008:2982:UI / Icon/Icon,icon-time,Time
Node,03 — Darkroom / Library:4010:5059:03 — Darkroom / Library/Darkroom / Library/main/project-data/feedback-list/File Thumb,File Thumb,UI / File Thumb
Instance property,03 — Darkroom / Library:4010:5059:UI / File Thumb,state,State
Node,03 — Darkroom / Library:I4010:5059;93:8205:03 — Darkroom / Library/Darkroom / Library/main/project-data/feedback-list/UI / File Thumb/Image,Image,UI / Image
Instance property,03 — Darkroom / Library:I4010:5059;93:8205:UI / Image,Value,Image
Instance property value,03 — Darkroom / Library:I4010:5059;93:8205:UI / Image/Image,image-1,1
Node,03 — Darkroom / Library:I4010:5059;4009:3510:03 — Darkroom / Library/Darkroom / Library/main/project-data/feedback-list/UI / File Thumb/Frame 5/Badges / Category,Badges / Category,UI / Category Badge
Node,03 — Darkroom / Library:I4010:5059;4009:3510;4009:3503:03 — Darkroom / Library/Darkroom / Library/main/project-data/feedback-list/UI / File Thumb/Frame 5/UI / Category Badge/Label Alternative / Xxtra Small 9.6px,Label Alternative / Xxtra Small 9.6px,Label Alternative / Extra Small 9.6px
Node,03 — Darkroom / Library:I4010:5059;4009:3784:03 — Darkroom / Library/Darkroom / Library/main/project-data/feedback-list/UI / File Thumb/Frame 5/Badges / Category,Badges / Category,UI / Category Badge
Instance property value,03 — Darkroom / Library:I4010:5059;4009:3784:UI / Category Badge/Color,Stale,Slate
Node,03 — Darkroom / Library:I4010:5059;4009:3784;4010:4315:03 — Darkroom / Library/Darkroom / Library/main/project-data/feedback-list/UI / File Thumb/Frame 5/UI / Category Badge/Label Alternative / Xxtra Small 9.6px,Label Alternative / Xxtra Small 9.6px,Label Alternative / Extra Small 9.6px
Node,03 — Darkroom / Library:I4010:5059;4008:2982:03 — Darkroom / Library/Darkroom / Library/main/project-data/feedback-list/UI / File Thumb/date-created/icon,icon,UI / Icon
Instance property,03 — Darkroom / Library:I4010:5059;4008:2982:UI / Icon,icon style,Icon
Instance property value,03 — Darkroom / Library:I4010:5059;4008:2982:UI / Icon/Icon,icon-time,Time
Node,03 — Darkroom / Library:4010:5025:03 — Darkroom / Library/Darkroom / Library/main/project-data/feedback-list/File Thumb,File Thumb,UI / File Thumb
Instance property,03 — Darkroom / Library:4010:5025:UI / File Thumb,state,State
Node,03 — Darkroom / Library:I4010:5025;93:8205:03 — Darkroom / Library/Darkroom / Library/main/project-data/feedback-list/UI / File Thumb/Image,Image,UI / Image
Instance property,03 — Darkroom / Library:I4010:5025;93:8205:UI / Image,Value,Image
Instance property value,03 — Darkroom / Library:I4010:5025;93:8205:UI / Image/Image,image-1,1
Node,03 — Darkroom / Library:I4010:5025;4009:3510:03 — Darkroom / Library/Darkroom / Library/main/project-data/feedback-list/UI / File Thumb/Frame 5/Badges / Category,Badges / Category,UI / Category Badge
Node,03 — Darkroom / Library:I4010:5025;4009:3510;4009:3503:03 — Darkroom / Library/Darkroom / Library/main/project-data/feedback-list/UI / File Thumb/Frame 5/UI / Category Badge/Label Alternative / Xxtra Small 9.6px,Label Alternative / Xxtra Small 9.6px,Label Alternative / Extra Small 9.6px
Node,03 — Darkroom / Library:I4010:5025;4009:3784:03 — Darkroom / Library/Darkroom / Library/main/project-data/feedback-list/UI / File Thumb/Frame 5/Badges / Category,Badges / Category,UI / Category Badge
Instance property value,03 — Darkroom / Library:I4010:5025;4009:3784:UI / Category Badge/Color,Stale,Slate
Node,03 — Darkroom / Library:I4010:5025;4009:3784;4010:4315:03 — Darkroom / Library/Darkroom / Library/main/project-data/feedback-list/UI / File Thumb/Frame 5/UI / Category Badge/Label Alternative / Xxtra Small 9.6px,Label Alternative / Xxtra Small 9.6px,Label Alternative / Extra Small 9.6px
Node,03 — Darkroom / Library:I4010:5025;4008:2982:03 — Darkroom / Library/Darkroom / Library/main/project-data/feedback-list/UI / File Thumb/date-created/icon,icon,UI / Icon
Instance property,03 — Darkroom / Library:I4010:5025;4008:2982:UI / Icon,icon style,Icon
Instance property value,03 — Darkroom / Library:I4010:5025;4008:2982:UI / Icon/Icon,icon-time,Time
Node,03 — Darkroom / Library:4010:4991:03 — Darkroom / Library/Darkroom / Library/main/project-data/feedback-list/File Thumb,File Thumb,UI / File Thumb
Instance property,03 — Darkroom / Library:4010:4991:UI / File Thumb,state,State
Node,03 — Darkroom / Library:I4010:4991;93:8205:03 — Darkroom / Library/Darkroom / Library/main/project-data/feedback-list/UI / File Thumb/Image,Image,UI / Image
Instance property,03 — Darkroom / Library:I4010:4991;93:8205:UI / Image,Value,Image
Instance property value,03 — Darkroom / Library:I4010:4991;93:8205:UI / Image/Image,image-1,1
Node,03 — Darkroom / Library:I4010:4991;4009:3510:03 — Darkroom / Library/Darkroom / Library/main/project-data/feedback-list/UI / File Thumb/Frame 5/Badges / Category,Badges / Category,UI / Category Badge
Node,03 — Darkroom / Library:I4010:4991;4009:3510;4009:3503:03 — Darkroom / Library/Darkroom / Library/main/project-data/feedback-list/UI / File Thumb/Frame 5/UI / Category Badge/Label Alternative / Xxtra Small 9.6px,Label Alternative / Xxtra Small 9.6px,Label Alternative / Extra Small 9.6px
Node,03 — Darkroom / Library:I4010:4991;4009:3784:03 — Darkroom / Library/Darkroom / Library/main/project-data/feedback-list/UI / File Thumb/Frame 5/Badges / Category,Badges / Category,UI / Category Badge
Instance property value,03 — Darkroom / Library:I4010:4991;4009:3784:UI / Category Badge/Color,Stale,Slate
Node,03 — Darkroom / Library:I4010:4991;4009:3784;4010:4315:03 — Darkroom / Library/Darkroom / Library/main/project-data/feedback-list/UI / File Thumb/Frame 5/UI / Category Badge/Label Alternative / Xxtra Small 9.6px,Label Alternative / Xxtra Small 9.6px,Label Alternative / Extra Small 9.6px
Node,03 — Darkroom / Library:I4010:4991;4008:2982:03 — Darkroom / Library/Darkroom / Library/main/project-data/feedback-list/UI / File Thumb/date-created/icon,icon,UI / Icon
Instance property,03 — Darkroom / Library:I4010:4991;4008:2982:UI / Icon,icon style,Icon
Instance property value,03 — Darkroom / Library:I4010:4991;4008:2982:UI / Icon/Icon,icon-time,Time
Node,03 — Darkroom / Library:4010:5008:03 — Darkroom / Library/Darkroom / Library/main/project-data/feedback-list/File Thumb,File Thumb,UI / File Thumb
Instance property,03 — Darkroom / Library:4010:5008:UI / File Thumb,state,State
Node,03 — Darkroom / Library:I4010:5008;93:8205:03 — Darkroom / Library/Darkroom / Library/main/project-data/feedback-list/UI / File Thumb/Image,Image,UI / Image
Instance property,03 — Darkroom / Library:I4010:5008;93:8205:UI / Image,Value,Image
Instance property value,03 — Darkroom / Library:I4010:5008;93:8205:UI / Image/Image,image-1,1
Node,03 — Darkroom / Library:I4010:5008;4009:3510:03 — Darkroom / Library/Darkroom / Library/main/project-data/feedback-list/UI / File Thumb/Frame 5/Badges / Category,Badges / Category,UI / Category Badge
Node,03 — Darkroom / Library:I4010:5008;4009:3510;4009:3503:03 — Darkroom / Library/Darkroom / Library/main/project-data/feedback-list/UI / File Thumb/Frame 5/UI / Category Badge/Label Alternative / Xxtra Small 9.6px,Label Alternative / Xxtra Small 9.6px,Label Alternative / Extra Small 9.6px
Node,03 — Darkroom / Library:I4010:5008;4009:3784:03 — Darkroom / Library/Darkroom / Library/main/project-data/feedback-list/UI / File Thumb/Frame 5/Badges / Category,Badges / Category,UI / Category Badge
Instance property value,03 — Darkroom / Library:I4010:5008;4009:3784:UI / Category Badge/Color,Stale,Slate
Node,03 — Darkroom / Library:I4010:5008;4009:3784;4010:4315:03 — Darkroom / Library/Darkroom / Library/main/project-data/feedback-list/UI / File Thumb/Frame 5/UI / Category Badge/Label Alternative / Xxtra Small 9.6px,Label Alternative / Xxtra Small 9.6px,Label Alternative / Extra Small 9.6px
Node,03 — Darkroom / Library:I4010:5008;4008:2982:03 — Darkroom / Library/Darkroom / Library/main/project-data/feedback-list/UI / File Thumb/date-created/icon,icon,UI / Icon
Instance property,03 — Darkroom / Library:I4010:5008;4008:2982:UI / Icon,icon style,Icon
Instance property value,03 — Darkroom / Library:I4010:5008;4008:2982:UI / Icon/Icon,icon-time,Time
Node,03 — Darkroom / Library:4010:4974:03 — Darkroom / Library/Darkroom / Library/main/project-data/feedback-list/File Thumb,File Thumb,UI / File Thumb
Instance property,03 — Darkroom / Library:4010:4974:UI / File Thumb,state,State
Node,03 — Darkroom / Library:I4010:4974;93:8205:03 — Darkroom / Library/Darkroom / Library/main/project-data/feedback-list/UI / File Thumb/Image,Image,UI / Image
Instance property,03 — Darkroom / Library:I4010:4974;93:8205:UI / Image,Value,Image
Instance property value,03 — Darkroom / Library:I4010:4974;93:8205:UI / Image/Image,image-1,1
Node,03 — Darkroom / Library:I4010:4974;4009:3510:03 — Darkroom / Library/Darkroom / Library/main/project-data/feedback-list/UI / File Thumb/Frame 5/Badges / Category,Badges / Category,UI / Category Badge
Node,03 — Darkroom / Library:I4010:4974;4009:3510;4009:3503:03 — Darkroom / Library/Darkroom / Library/main/project-data/feedback-list/UI / File Thumb/Frame 5/UI / Category Badge/Label Alternative / Xxtra Small 9.6px,Label Alternative / Xxtra Small 9.6px,Label Alternative / Extra Small 9.6px
Node,03 — Darkroom / Library:I4010:4974;4009:3784:03 — Darkroom / Library/Darkroom / Library/main/project-data/feedback-list/UI / File Thumb/Frame 5/Badges / Category,Badges / Category,UI / Category Badge
Instance property value,03 — Darkroom / Library:I4010:4974;4009:3784:UI / Category Badge/Color,Stale,Slate
Node,03 — Darkroom / Library:I4010:4974;4009:3784;4010:4315:03 — Darkroom / Library/Darkroom / Library/main/project-data/feedback-list/UI / File Thumb/Frame 5/UI / Category Badge/Label Alternative / Xxtra Small 9.6px,Label Alternative / Xxtra Small 9.6px,Label Alternative / Extra Small 9.6px
Node,03 — Darkroom / Library:I4010:4974;4008:2982:03 — Darkroom / Library/Darkroom / Library/main/project-data/feedback-list/UI / File Thumb/date-created/icon,icon,UI / Icon
Instance property,03 — Darkroom / Library:I4010:4974;4008:2982:UI / Icon,icon style,Icon
Instance property value,03 — Darkroom / Library:I4010:4974;4008:2982:UI / Icon/Icon,icon-time,Time
Node,03 — Darkroom / Library:4010:4957:03 — Darkroom / Library/Darkroom / Library/main/project-data/feedback-list/File Thumb,File Thumb,UI / File Thumb
Instance property,03 — Darkroom / Library:4010:4957:UI / File Thumb,state,State
Node,03 — Darkroom / Library:I4010:4957;93:8205:03 — Darkroom / Library/Darkroom / Library/main/project-data/feedback-list/UI / File Thumb/Image,Image,UI / Image
Instance property,03 — Darkroom / Library:I4010:4957;93:8205:UI / Image,Value,Image
Instance property value,03 — Darkroom / Library:I4010:4957;93:8205:UI / Image/Image,image-1,1
Node,03 — Darkroom / Library:I4010:4957;4009:3510:03 — Darkroom / Library/Darkroom / Library/main/project-data/feedback-list/UI / File Thumb/Frame 5/Badges / Category,Badges / Category,UI / Category Badge
Node,03 — Darkroom / Library:I4010:4957;4009:3510;4009:3503:03 — Darkroom / Library/Darkroom / Library/main/project-data/feedback-list/UI / File Thumb/Frame 5/UI / Category Badge/Label Alternative / Xxtra Small 9.6px,Label Alternative / Xxtra Small 9.6px,Label Alternative / Extra Small 9.6px
Node,03 — Darkroom / Library:I4010:4957;4009:3784:03 — Darkroom / Library/Darkroom / Library/main/project-data/feedback-list/UI / File Thumb/Frame 5/Badges / Category,Badges / Category,UI / Category Badge
Instance property value,03 — Darkroom / Library:I4010:4957;4009:3784:UI / Category Badge/Color,Stale,Slate
Node,03 — Darkroom / Library:I4010:4957;4009:3784;4010:4315:03 — Darkroom / Library/Darkroom / Library/main/project-data/feedback-list/UI / File Thumb/Frame 5/UI / Category Badge/Label Alternative / Xxtra Small 9.6px,Label Alternative / Xxtra Small 9.6px,Label Alternative / Extra Small 9.6px
Node,03 — Darkroom / Library:I4010:4957;4008:2982:03 — Darkroom / Library/Darkroom / Library/main/project-data/feedback-list/UI / File Thumb/date-created/icon,icon,UI / Icon
Instance property,03 — Darkroom / Library:I4010:4957;4008:2982:UI / Icon,icon style,Icon
Instance property value,03 — Darkroom / Library:I4010:4957;4008:2982:UI / Icon/Icon,icon-time,Time
Node,03 — Darkroom / Library:4010:4940:03 — Darkroom / Library/Darkroom / Library/main/project-data/feedback-list/File Thumb,File Thumb,UI / File Thumb
Instance property,03 — Darkroom / Library:4010:4940:UI / File Thumb,state,State
Node,03 — Darkroom / Library:I4010:4940;93:8205:03 — Darkroom / Library/Darkroom / Library/main/project-data/feedback-list/UI / File Thumb/Image,Image,UI / Image
Instance property,03 — Darkroom / Library:I4010:4940;93:8205:UI / Image,Value,Image
Instance property value,03 — Darkroom / Library:I4010:4940;93:8205:UI / Image/Image,image-1,1
Node,03 — Darkroom / Library:I4010:4940;4009:3510:03 — Darkroom / Library/Darkroom / Library/main/project-data/feedback-list/UI / File Thumb/Frame 5/Badges / Category,Badges / Category,UI / Category Badge
Node,03 — Darkroom / Library:I4010:4940;4009:3510;4009:3503:03 — Darkroom / Library/Darkroom / Library/main/project-data/feedback-list/UI / File Thumb/Frame 5/UI / Category Badge/Label Alternative / Xxtra Small 9.6px,Label Alternative / Xxtra Small 9.6px,Label Alternative / Extra Small 9.6px
Node,03 — Darkroom / Library:I4010:4940;4009:3784:03 — Darkroom / Library/Darkroom / Library/main/project-data/feedback-list/UI / File Thumb/Frame 5/Badges / Category,Badges / Category,UI / Category Badge
Instance property value,03 — Darkroom / Library:I4010:4940;4009:3784:UI / Category Badge/Color,Stale,Slate
Node,03 — Darkroom / Library:I4010:4940;4009:3784;4010:4315:03 — Darkroom / Library/Darkroom / Library/main/project-data/feedback-list/UI / File Thumb/Frame 5/UI / Category Badge/Label Alternative / Xxtra Small 9.6px,Label Alternative / Xxtra Small 9.6px,Label Alternative / Extra Small 9.6px
Node,03 — Darkroom / Library:I4010:4940;4008:2982:03 — Darkroom / Library/Darkroom / Library/main/project-data/feedback-list/UI / File Thumb/date-created/icon,icon,UI / Icon
Instance property,03 — Darkroom / Library:I4010:4940;4008:2982:UI / Icon,icon style,Icon
Instance property value,03 — Darkroom / Library:I4010:4940;4008:2982:UI / Icon/Icon,icon-time,Time
Node,03 — Darkroom / Library:4010:5365:03 — Darkroom / Library/Darkroom / Library/main/project-data/feedback-list/File Thumb,File Thumb,UI / File Thumb
Instance property,03 — Darkroom / Library:4010:5365:UI / File Thumb,state,State
Node,03 — Darkroom / Library:I4010:5365;93:8205:03 — Darkroom / Library/Darkroom / Library/main/project-data/feedback-list/UI / File Thumb/Image,Image,UI / Image
Instance property,03 — Darkroom / Library:I4010:5365;93:8205:UI / Image,Value,Image
Instance property value,03 — Darkroom / Library:I4010:5365;93:8205:UI / Image/Image,image-1,1
Node,03 — Darkroom / Library:I4010:5365;4009:3510:03 — Darkroom / Library/Darkroom / Library/main/project-data/feedback-list/UI / File Thumb/Frame 5/Badges / Category,Badges / Category,UI / Category Badge
Node,03 — Darkroom / Library:I4010:5365;4009:3510;4009:3503:03 — Darkroom / Library/Darkroom / Library/main/project-data/feedback-list/UI / File Thumb/Frame 5/UI / Category Badge/Label Alternative / Xxtra Small 9.6px,Label Alternative / Xxtra Small 9.6px,Label Alternative / Extra Small 9.6px
Node,03 — Darkroom / Library:I4010:5365;4009:3784:03 — Darkroom / Library/Darkroom / Library/main/project-data/feedback-list/UI / File Thumb/Frame 5/Badges / Category,Badges / Category,UI / Category Badge
Instance property value,03 — Darkroom / Library:I4010:5365;4009:3784:UI / Category Badge/Color,Stale,Slate
Node,03 — Darkroom / Library:I4010:5365;4009:3784;4010:4315:03 — Darkroom / Library/Darkroom / Library/main/project-data/feedback-list/UI / File Thumb/Frame 5/UI / Category Badge/Label Alternative / Xxtra Small 9.6px,Label Alternative / Xxtra Small 9.6px,Label Alternative / Extra Small 9.6px
Node,03 — Darkroom / Library:I4010:5365;4008:2982:03 — Darkroom / Library/Darkroom / Library/main/project-data/feedback-list/UI / File Thumb/date-created/icon,icon,UI / Icon
Instance property,03 — Darkroom / Library:I4010:5365;4008:2982:UI / Icon,icon style,Icon
Instance property value,03 — Darkroom / Library:I4010:5365;4008:2982:UI / Icon/Icon,icon-time,Time
Node,03 — Darkroom / Library:4010:4923:03 — Darkroom / Library/Darkroom / Library/main/project-data/feedback-list/File Thumb,File Thumb,UI / File Thumb
Instance property,03 — Darkroom / Library:4010:4923:UI / File Thumb,state,State
Node,03 — Darkroom / Library:I4010:4923;93:8205:03 — Darkroom / Library/Darkroom / Library/main/project-data/feedback-list/UI / File Thumb/Image,Image,UI / Image
Instance property,03 — Darkroom / Library:I4010:4923;93:8205:UI / Image,Value,Image
Instance property value,03 — Darkroom / Library:I4010:4923;93:8205:UI / Image/Image,image-1,1
Node,03 — Darkroom / Library:I4010:4923;4009:3510:03 — Darkroom / Library/Darkroom / Library/main/project-data/feedback-list/UI / File Thumb/Frame 5/Badges / Category,Badges / Category,UI / Category Badge
Node,03 — Darkroom / Library:I4010:4923;4009:3510;4009:3503:03 — Darkroom / Library/Darkroom / Library/main/project-data/feedback-list/UI / File Thumb/Frame 5/UI / Category Badge/Label Alternative / Xxtra Small 9.6px,Label Alternative / Xxtra Small 9.6px,Label Alternative / Extra Small 9.6px
Node,03 — Darkroom / Library:I4010:4923;4009:3784:03 — Darkroom / Library/Darkroom / Library/main/project-data/feedback-list/UI / File Thumb/Frame 5/Badges / Category,Badges / Category,UI / Category Badge
Instance property value,03 — Darkroom / Library:I4010:4923;4009:3784:UI / Category Badge/Color,Stale,Slate
Node,03 — Darkroom / Library:I4010:4923;4009:3784;4010:4315:03 — Darkroom / Library/Darkroom / Library/main/project-data/feedback-list/UI / File Thumb/Frame 5/UI / Category Badge/Label Alternative / Xxtra Small 9.6px,Label Alternative / Xxtra Small 9.6px,Label Alternative / Extra Small 9.6px
Node,03 — Darkroom / Library:I4010:4923;4008:2982:03 — Darkroom / Library/Darkroom / Library/main/project-data/feedback-list/UI / File Thumb/date-created/icon,icon,UI / Icon
Instance property,03 — Darkroom / Library:I4010:4923;4008:2982:UI / Icon,icon style,Icon
Instance property value,03 — Darkroom / Library:I4010:4923;4008:2982:UI / Icon/Icon,icon-time,Time
Node,03 — Darkroom / Library:4010:5229:03 — Darkroom / Library/Darkroom / Library/main/project-data/feedback-list/File Thumb,File Thumb,UI / File Thumb
Instance property,03 — Darkroom / Library:4010:5229:UI / File Thumb,state,State
Node,03 — Darkroom / Library:I4010:5229;93:8205:03 — Darkroom / Library/Darkroom / Library/main/project-data/feedback-list/UI / File Thumb/Image,Image,UI / Image
Instance property,03 — Darkroom / Library:I4010:5229;93:8205:UI / Image,Value,Image
Instance property value,03 — Darkroom / Library:I4010:5229;93:8205:UI / Image/Image,image-1,1
Node,03 — Darkroom / Library:I4010:5229;4009:3510:03 — Darkroom / Library/Darkroom / Library/main/project-data/feedback-list/UI / File Thumb/Frame 5/Badges / Category,Badges / Category,UI / Category Badge
Node,03 — Darkroom / Library:I4010:5229;4009:3510;4009:3503:03 — Darkroom / Library/Darkroom / Library/main/project-data/feedback-list/UI / File Thumb/Frame 5/UI / Category Badge/Label Alternative / Xxtra Small 9.6px,Label Alternative / Xxtra Small 9.6px,Label Alternative / Extra Small 9.6px
Node,03 — Darkroom / Library:I4010:5229;4009:3784:03 — Darkroom / Library/Darkroom / Library/main/project-data/feedback-list/UI / File Thumb/Frame 5/Badges / Category,Badges / Category,UI / Category Badge
Instance property value,03 — Darkroom / Library:I4010:5229;4009:3784:UI / Category Badge/Color,Stale,Slate
Node,03 — Darkroom / Library:I4010:5229;4009:3784;4010:4315:03 — Darkroom / Library/Darkroom / Library/main/project-data/feedback-list/UI / File Thumb/Frame 5/UI / Category Badge/Label Alternative / Xxtra Small 9.6px,Label Alternative / Xxtra Small 9.6px,Label Alternative / Extra Small 9.6px
Node,03 — Darkroom / Library:I4010:5229;4008:2982:03 — Darkroom / Library/Darkroom / Library/main/project-data/feedback-list/UI / File Thumb/date-created/icon,icon,UI / Icon
Instance property,03 — Darkroom / Library:I4010:5229;4008:2982:UI / Icon,icon style,Icon
Instance property value,03 — Darkroom / Library:I4010:5229;4008:2982:UI / Icon/Icon,icon-time,Time
Node,03 — Darkroom / Library:4010:5127:03 — Darkroom / Library/Darkroom / Library/main/project-data/feedback-list/File Thumb,File Thumb,UI / File Thumb
Instance property,03 — Darkroom / Library:4010:5127:UI / File Thumb,state,State
Node,03 — Darkroom / Library:I4010:5127;93:8205:03 — Darkroom / Library/Darkroom / Library/main/project-data/feedback-list/UI / File Thumb/Image,Image,UI / Image
Instance property,03 — Darkroom / Library:I4010:5127;93:8205:UI / Image,Value,Image
Instance property value,03 — Darkroom / Library:I4010:5127;93:8205:UI / Image/Image,image-1,1
Node,03 — Darkroom / Library:I4010:5127;4009:3510:03 — Darkroom / Library/Darkroom / Library/main/project-data/feedback-list/UI / File Thumb/Frame 5/Badges / Category,Badges / Category,UI / Category Badge
Node,03 — Darkroom / Library:I4010:5127;4009:3510;4009:3503:03 — Darkroom / Library/Darkroom / Library/main/project-data/feedback-list/UI / File Thumb/Frame 5/UI / Category Badge/Label Alternative / Xxtra Small 9.6px,Label Alternative / Xxtra Small 9.6px,Label Alternative / Extra Small 9.6px
Node,03 — Darkroom / Library:I4010:5127;4009:3784:03 — Darkroom / Library/Darkroom / Library/main/project-data/feedback-list/UI / File Thumb/Frame 5/Badges / Category,Badges / Category,UI / Category Badge
Instance property value,03 — Darkroom / Library:I4010:5127;4009:3784:UI / Category Badge/Color,Stale,Slate
Node,03 — Darkroom / Library:I4010:5127;4009:3784;4010:4315:03 — Darkroom / Library/Darkroom / Library/main/project-data/feedback-list/UI / File Thumb/Frame 5/UI / Category Badge/Label Alternative / Xxtra Small 9.6px,Label Alternative / Xxtra Small 9.6px,Label Alternative / Extra Small 9.6px
Node,03 — Darkroom / Library:I4010:5127;4008:2982:03 — Darkroom / Library/Darkroom / Library/main/project-data/feedback-list/UI / File Thumb/date-created/icon,icon,UI / Icon
Instance property,03 — Darkroom / Library:I4010:5127;4008:2982:UI / Icon,icon style,Icon
Instance property value,03 — Darkroom / Library:I4010:5127;4008:2982:UI / Icon/Icon,icon-time,Time
Node,03 — Darkroom / Library:4010:5399:03 — Darkroom / Library/Darkroom / Library/main/project-data/feedback-list/File Thumb,File Thumb,UI / File Thumb
Instance property,03 — Darkroom / Library:4010:5399:UI / File Thumb,state,State
Node,03 — Darkroom / Library:I4010:5399;93:8205:03 — Darkroom / Library/Darkroom / Library/main/project-data/feedback-list/UI / File Thumb/Image,Image,UI / Image
Instance property,03 — Darkroom / Library:I4010:5399;93:8205:UI / Image,Value,Image
Instance property value,03 — Darkroom / Library:I4010:5399;93:8205:UI / Image/Image,image-1,1
Node,03 — Darkroom / Library:I4010:5399;4009:3510:03 — Darkroom / Library/Darkroom / Library/main/project-data/feedback-list/UI / File Thumb/Frame 5/Badges / Category,Badges / Category,UI / Category Badge
Node,03 — Darkroom / Library:I4010:5399;4009:3510;4009:3503:03 — Darkroom / Library/Darkroom / Library/main/project-data/feedback-list/UI / File Thumb/Frame 5/UI / Category Badge/Label Alternative / Xxtra Small 9.6px,Label Alternative / Xxtra Small 9.6px,Label Alternative / Extra Small 9.6px
Node,03 — Darkroom / Library:I4010:5399;4009:3784:03 — Darkroom / Library/Darkroom / Library/main/project-data/feedback-list/UI / File Thumb/Frame 5/Badges / Category,Badges / Category,UI / Category Badge
Instance property value,03 — Darkroom / Library:I4010:5399;4009:3784:UI / Category Badge/Color,Stale,Slate
Node,03 — Darkroom / Library:I4010:5399;4009:3784;4010:4315:03 — Darkroom / Library/Darkroom / Library/main/project-data/feedback-list/UI / File Thumb/Frame 5/UI / Category Badge/Label Alternative / Xxtra Small 9.6px,Label Alternative / Xxtra Small 9.6px,Label Alternative / Extra Small 9.6px
Node,03 — Darkroom / Library:I4010:5399;4008:2982:03 — Darkroom / Library/Darkroom / Library/main/project-data/feedback-list/UI / File Thumb/date-created/icon,icon,UI / Icon
Instance property,03 — Darkroom / Library:I4010:5399;4008:2982:UI / Icon,icon style,Icon
Instance property value,03 — Darkroom / Library:I4010:5399;4008:2982:UI / Icon/Icon,icon-time,Time
Node,03 — Darkroom / Library:4010:4906:03 — Darkroom / Library/Darkroom / Library/main/project-data/feedback-list/File Thumb,File Thumb,UI / File Thumb
Instance property,03 — Darkroom / Library:4010:4906:UI / File Thumb,state,State
Node,03 — Darkroom / Library:I4010:4906;93:8205:03 — Darkroom / Library/Darkroom / Library/main/project-data/feedback-list/UI / File Thumb/Image,Image,UI / Image
Instance property,03 — Darkroom / Library:I4010:4906;93:8205:UI / Image,Value,Image
Instance property value,03 — Darkroom / Library:I4010:4906;93:8205:UI / Image/Image,image-1,1
Node,03 — Darkroom / Library:I4010:4906;4009:3510:03 — Darkroom / Library/Darkroom / Library/main/project-data/feedback-list/UI / File Thumb/Frame 5/Badges / Category,Badges / Category,UI / Category Badge
Node,03 — Darkroom / Library:I4010:4906;4009:3510;4009:3503:03 — Darkroom / Library/Darkroom / Library/main/project-data/feedback-list/UI / File Thumb/Frame 5/UI / Category Badge/Label Alternative / Xxtra Small 9.6px,Label Alternative / Xxtra Small 9.6px,Label Alternative / Extra Small 9.6px
Node,03 — Darkroom / Library:I4010:4906;4009:3784:03 — Darkroom / Library/Darkroom / Library/main/project-data/feedback-list/UI / File Thumb/Frame 5/Badges / Category,Badges / Category,UI / Category Badge
Instance property value,03 — Darkroom / Library:I4010:4906;4009:3784:UI / Category Badge/Color,Stale,Slate
Node,03 — Darkroom / Library:I4010:4906;4009:3784;4010:4315:03 — Darkroom / Library/Darkroom / Library/main/project-data/feedback-list/UI / File Thumb/Frame 5/UI / Category Badge/Label Alternative / Xxtra Small 9.6px,Label Alternative / Xxtra Small 9.6px,Label Alternative / Extra Small 9.6px
Node,03 — Darkroom / Library:I4010:4906;4008:2982:03 — Darkroom / Library/Darkroom / Library/main/project-data/feedback-list/UI / File Thumb/date-created/icon,icon,UI / Icon
Instance property,03 — Darkroom / Library:I4010:4906;4008:2982:UI / Icon,icon style,Icon
Instance property value,03 — Darkroom / Library:I4010:4906;4008:2982:UI / Icon/Icon,icon-time,Time
Node,03 — Darkroom / Library:4010:4889:03 — Darkroom / Library/Darkroom / Library/main/project-data/feedback-list/File Thumb,File Thumb,UI / File Thumb
Instance property,03 — Darkroom / Library:4010:4889:UI / File Thumb,state,State
Node,03 — Darkroom / Library:I4010:4889;93:8205:03 — Darkroom / Library/Darkroom / Library/main/project-data/feedback-list/UI / File Thumb/Image,Image,UI / Image
Instance property,03 — Darkroom / Library:I4010:4889;93:8205:UI / Image,Value,Image
Instance property value,03 — Darkroom / Library:I4010:4889;93:8205:UI / Image/Image,image-1,1
Node,03 — Darkroom / Library:I4010:4889;4009:3510:03 — Darkroom / Library/Darkroom / Library/main/project-data/feedback-list/UI / File Thumb/Frame 5/Badges / Category,Badges / Category,UI / Category Badge
Node,03 — Darkroom / Library:I4010:4889;4009:3510;4009:3503:03 — Darkroom / Library/Darkroom / Library/main/project-data/feedback-list/UI / File Thumb/Frame 5/UI / Category Badge/Label Alternative / Xxtra Small 9.6px,Label Alternative / Xxtra Small 9.6px,Label Alternative / Extra Small 9.6px
Node,03 — Darkroom / Library:I4010:4889;4009:3784:03 — Darkroom / Library/Darkroom / Library/main/project-data/feedback-list/UI / File Thumb/Frame 5/Badges / Category,Badges / Category,UI / Category Badge
Instance property value,03 — Darkroom / Library:I4010:4889;4009:3784:UI / Category Badge/Color,Stale,Slate
Node,03 — Darkroom / Library:I4010:4889;4009:3784;4010:4315:03 — Darkroom / Library/Darkroom / Library/main/project-data/feedback-list/UI / File Thumb/Frame 5/UI / Category Badge/Label Alternative / Xxtra Small 9.6px,Label Alternative / Xxtra Small 9.6px,Label Alternative / Extra Small 9.6px
Node,03 — Darkroom / Library:I4010:4889;4008:2982:03 — Darkroom / Library/Darkroom / Library/main/project-data/feedback-list/UI / File Thumb/date-created/icon,icon,UI / Icon
Instance property,03 — Darkroom / Library:I4010:4889;4008:2982:UI / Icon,icon style,Icon
Instance property value,03 — Darkroom / Library:I4010:4889;4008:2982:UI / Icon/Icon,icon-time,Time
Node,03 — Darkroom / Library:4010:5450:03 — Darkroom / Library/Darkroom / Library/main/project-data/feedback-list/File Thumb,File Thumb,UI / File Thumb
Instance property,03 — Darkroom / Library:4010:5450:UI / File Thumb,state,State
Node,03 — Darkroom / Library:I4010:5450;93:8205:03 — Darkroom / Library/Darkroom / Library/main/project-data/feedback-list/UI / File Thumb/Image,Image,UI / Image
Instance property,03 — Darkroom / Library:I4010:5450;93:8205:UI / Image,Value,Image
Instance property value,03 — Darkroom / Library:I4010:5450;93:8205:UI / Image/Image,image-1,1
Node,03 — Darkroom / Library:I4010:5450;4009:3510:03 — Darkroom / Library/Darkroom / Library/main/project-data/feedback-list/UI / File Thumb/Frame 5/Badges / Category,Badges / Category,UI / Category Badge
Node,03 — Darkroom / Library:I4010:5450;4009:3510;4009:3503:03 — Darkroom / Library/Darkroom / Library/main/project-data/feedback-list/UI / File Thumb/Frame 5/UI / Category Badge/Label Alternative / Xxtra Small 9.6px,Label Alternative / Xxtra Small 9.6px,Label Alternative / Extra Small 9.6px
Node,03 — Darkroom / Library:I4010:5450;4009:3784:03 — Darkroom / Library/Darkroom / Library/main/project-data/feedback-list/UI / File Thumb/Frame 5/Badges / Category,Badges / Category,UI / Category Badge
Instance property value,03 — Darkroom / Library:I4010:5450;4009:3784:UI / Category Badge/Color,Stale,Slate
Node,03 — Darkroom / Library:I4010:5450;4009:3784;4010:4315:03 — Darkroom / Library/Darkroom / Library/main/project-data/feedback-list/UI / File Thumb/Frame 5/UI / Category Badge/Label Alternative / Xxtra Small 9.6px,Label Alternative / Xxtra Small 9.6px,Label Alternative / Extra Small 9.6px
Node,03 — Darkroom / Library:I4010:5450;4008:2982:03 — Darkroom / Library/Darkroom / Library/main/project-data/feedback-list/UI / File Thumb/date-created/icon,icon,UI / Icon
Instance property,03 — Darkroom / Library:I4010:5450;4008:2982:UI / Icon,icon style,Icon
Instance property value,03 — Darkroom / Library:I4010:5450;4008:2982:UI / Icon/Icon,icon-time,Time
Node,03 — Darkroom / Library:4008:2127:03 — Darkroom / Library/Darkroom / Quick View/Quick View / Side Drawer,Quick View / Side Drawer,Quick View / Drawer
Instance property,03 — Darkroom / Library:I4008:2127;93:8921:close,icon-type,Icon
Instance property value,03 — Darkroom / Library:I4008:2127;93:8921:close/Icon,button-close,Close
Node,03 — Darkroom / Library:I4008:2127;4011:5519:03 — Darkroom / Library/Darkroom / Quick View/Quick View / Drawer/side-drawer-header/catagory / badges,catagory / badges,category-badges
Node,03 — Darkroom / Library:I4008:2127;4011:5520:03 — Darkroom / Library/Darkroom / Quick View/Quick View / Drawer/side-drawer-header/category-badges/Badges / Category,Badges / Category,UI / Category Badge
Node,03 — Darkroom / Library:I4008:2127;4011:5520;4009:3503:03 — Darkroom / Library/Darkroom / Quick View/Quick View / Drawer/side-drawer-header/category-badges/UI / Category Badge/Label Alternative / Xxtra Small 9.6px,Label Alternative / Xxtra Small 9.6px,Label Alternative / Extra Small 9.6px
Node,03 — Darkroom / Library:I4008:2127;4011:5521:03 — Darkroom / Library/Darkroom / Quick View/Quick View / Drawer/side-drawer-header/category-badges/Badges / Category,Badges / Category,UI / Category Badge
Instance property value,03 — Darkroom / Library:I4008:2127;4011:5521:UI / Category Badge/Color,Stale,Slate
Node,03 — Darkroom / Library:I4008:2127;4011:5521;4010:4315:03 — Darkroom / Library/Darkroom / Quick View/Quick View / Drawer/side-drawer-header/category-badges/UI / Category Badge/Label Alternative / Xxtra Small 9.6px,Label Alternative / Xxtra Small 9.6px,Label Alternative / Extra Small 9.6px
Instance property,03 — Darkroom / Library:I4008:2127;4011:5551:Form / Field,form,Type
Instance property value,03 — Darkroom / Library:I4008:2127;4011:5551:Form / Field/Type,textarea-skyline,Textarea Skyline
Node,03 — Darkroom / Library:I4008:2127;4011:5541:03 — Darkroom / Library/Darkroom / Quick View/Quick View / Drawer/prompt-reply/Button,Button,UI / Button
Instance property,03 — Darkroom / Library:I4008:2127;4011:5564:Form / Field,form,Type
Instance property value,03 — Darkroom / Library:I4008:2127;4011:5564:Form / Field/Type,textarea-skyline,Textarea Skyline
Node,03 — Darkroom / Library:4008:1983:03 — Darkroom / Library/Darkroom / Feedback + Chat/sidebar/Sidebar / Sidebar,Sidebar / Sidebar,Navigation / Sidebar
Node,03 — Darkroom / Library:I4008:1983;14:679:03 — Darkroom / Library/Darkroom / Feedback + Chat/sidebar/Navigation / Sidebar/Sidebar / Nav Item,Sidebar / Nav Item,Navigation / Item
Instance property,03 — Darkroom / Library:I4008:1983;14:679:Navigation / Item,state,State
Instance property value,03 — Darkroom / Library:I4008:1983;14:679:Navigation / Item/State,disabled,Disabled
Instance property,03 — Darkroom / Library:I4008:1983;14:679:Navigation / Item,size,Size
Instance property value,03 — Darkroom / Library:I4008:1983;14:679:Navigation / Item/Size,large,Large
Node,03 — Darkroom / Library:I4008:1983;14:682:03 — Darkroom / Library/Darkroom / Feedback + Chat/sidebar/Navigation / Sidebar/Sidebar / Nav Item,Sidebar / Nav Item,Navigation / Item
Instance property,03 — Darkroom / Library:I4008:1983;14:682:Navigation / Item,state,State
Instance property value,03 — Darkroom / Library:I4008:1983;14:682:Navigation / Item/State,disabled,Disabled
Instance property,03 — Darkroom / Library:I4008:1983;14:682:Navigation / Item,size,Size
Instance property value,03 — Darkroom / Library:I4008:1983;14:682:Navigation / Item/Size,large,Large
Node,03 — Darkroom / Library:I4008:1983;14:684:03 — Darkroom / Library/Darkroom / Feedback + Chat/sidebar/Navigation / Sidebar/Sidebar / Nav Item,Sidebar / Nav Item,Navigation / Item
Instance property,03 — Darkroom / Library:I4008:1983;14:684:Navigation / Item,state,State
Instance property value,03 — Darkroom / Library:I4008:1983;14:684:Navigation / Item/State,active,Active
Instance property,03 — Darkroom / Library:I4008:1983;14:684:Navigation / Item,size,Size
Instance property value,03 — Darkroom / Library:I4008:1983;14:684:Navigation / Item/Size,large,Large
Node,03 — Darkroom / Library:I4008:1983;14:686:03 — Darkroom / Library/Darkroom / Feedback + Chat/sidebar/Navigation / Sidebar/Sidebar / Nav Item,Sidebar / Nav Item,Navigation / Item
Instance property,03 — Darkroom / Library:I4008:1983;14:686:Navigation / Item,state,State
Instance property value,03 — Darkroom / Library:I4008:1983;14:686:Navigation / Item/State,disabled,Disabled
Instance property,03 — Darkroom / Library:I4008:1983;14:686:Navigation / Item,size,Size
Instance property value,03 — Darkroom / Library:I4008:1983;14:686:Navigation / Item/Size,large,Large
Node,03 — Darkroom / Library:I4008:1983;14:688:03 — Darkroom / Library/Darkroom / Feedback + Chat/sidebar/Navigation / Sidebar/Sidebar / Nav Item,Sidebar / Nav Item,Navigation / Item
Instance property,03 — Darkroom / Library:I4008:1983;14:688:Navigation / Item,state,State
Instance property value,03 — Darkroom / Library:I4008:1983;14:688:Navigation / Item/State,disabled,Disabled
Instance property,03 — Darkroom / Library:I4008:1983;14:688:Navigation / Item,size,Size
Instance property value,03 — Darkroom / Library:I4008:1983;14:688:Navigation / Item/Size,large,Large
Node,03 — Darkroom / Library:I4008:1983;14:697:03 — Darkroom / Library/Darkroom / Feedback + Chat/sidebar/Navigation / Sidebar/Sidebar / Nav Item,Sidebar / Nav Item,Navigation / Item
Instance property,03 — Darkroom / Library:I4008:1983;14:697:Navigation / Item,state,State
Instance property value,03 — Darkroom / Library:I4008:1983;14:697:Navigation / Item/State,disabled,Disabled
Instance property,03 — Darkroom / Library:I4008:1983;14:697:Navigation / Item,size,Size
Instance property value,03 — Darkroom / Library:I4008:1983;14:697:Navigation / Item/Size,large,Large
Instance property value,03 — Darkroom / Library:4008:1986:topbar/Module,top bar with link,Top Bar with Link
Node,03 — Darkroom / Library:I4008:1986;73:1074:03 — Darkroom / Library/Darkroom / Feedback + Chat/main/feedback-content/topbar/Button,Button,UI / Button
Node,03 — Darkroom / Library:I4008:1986;73:1074;72:653:03 — Darkroom / Library/Darkroom / Feedback + Chat/main/feedback-content/topbar/UI / Button/icon,icon,UI / Icon
Instance property,03 — Darkroom / Library:I4008:1986;73:1074;72:653:UI / Icon,icon style,Icon
Instance property value,03 — Darkroom / Library:I4008:1986;73:1074;72:653:UI / Icon/Icon,arrow-left,Arrow Left
Node,03 — Darkroom / Library:I4008:1986;4010:4273:03 — Darkroom / Library/Darkroom / Feedback + Chat/main/feedback-content/topbar/Model Bar,Model Bar,UI / Model Bar
Instance property value,03 — Darkroom / Library:I4008:1986;4010:4273;73:1125:UI / Status Badge/Status,active,Active
Instance property,03 — Darkroom / Library:4008:1987:header,type,Type
Instance property value,03 — Darkroom / Library:4008:1987:header/Type,Header full toolbar,Header Full Toolbar
Node,03 — Darkroom / Library:I4008:1987;4007:4453;93:8832:03 — Darkroom / Library/Darkroom / Feedback + Chat/main/feedback-content/header/Project / Toolbar/toolbar-actions/Project / Toolbar,Project / Toolbar,Project / Toolbar Action
Instance property,03 — Darkroom / Library:I4008:1987;4007:4453;93:8832:Project / Toolbar Action,state,State
Instance property,03 — Darkroom / Library:I4008:1987;4007:4453;93:8832:Project / Toolbar Action,Icon Type,Icon
Node,03 — Darkroom / Library:I4008:1987;4007:4453;93:8687:03 — Darkroom / Library/Darkroom / Feedback + Chat/main/feedback-content/header/Project / Toolbar/toolbar-actions/Project / Toolbar,Project / Toolbar,Project / Toolbar Action
Instance property,03 — Darkroom / Library:I4008:1987;4007:4453;93:8687:Project / Toolbar Action,state,State
Instance property,03 — Darkroom / Library:I4008:1987;4007:4453;93:8687:Project / Toolbar Action,Icon Type,Icon
Node,03 — Darkroom / Library:I4008:1987;4007:4453;93:8688:03 — Darkroom / Library/Darkroom / Feedback + Chat/main/feedback-content/header/Project / Toolbar/toolbar-actions/Project / Toolbar,Project / Toolbar,Project / Toolbar Action
Instance property,03 — Darkroom / Library:I4008:1987;4007:4453;93:8688:Project / Toolbar Action,state,State
Instance property,03 — Darkroom / Library:I4008:1987;4007:4453;93:8688:Project / Toolbar Action,Icon Type,Icon
Instance property value,03 — Darkroom / Library:I4008:1987;4007:4453;93:8688:Project / Toolbar Action/Icon,Reresh,Refresh
Node,03 — Darkroom / Library:4008:1988:03 — Darkroom / Library/Darkroom / Feedback + Chat/main/feedback-content/Status Bar,Status Bar,UI / Status Bar
Node,03 — Darkroom / Library:4008:1989:03 — Darkroom / Library/Darkroom / Feedback + Chat/main/feedback-content/section-imprint,section-imprint,feedback-panel
Node,03 — Darkroom / Library:I4008:1989;4007:4392:03 — Darkroom / Library/Darkroom / Feedback + Chat/main/feedback-content/feedback-panel/content-left/Director / File Box,Director / File Box,Feedback / File
Node,03 — Darkroom / Library:I4008:1989;4013:2583:03 — Darkroom / Library/Darkroom / Feedback + Chat/main/feedback-content/feedback-panel/content-left/feedback-meta/meta-box/Headers / Section Title,Headers / Section Title,UI / Section Title
Node,03 — Darkroom / Library:I4008:1989;4013:2583;4013:2571:03 — Darkroom / Library/Darkroom / Feedback + Chat/main/feedback-content/feedback-panel/content-left/feedback-meta/meta-box/UI / Section Title/Dividers / Horizontal,Dividers / Horizontal,UI / Divider / Horizontal
Node,03 — Darkroom / Library:I4008:1989;4013:2552:03 — Darkroom / Library/Darkroom / Feedback + Chat/main/feedback-content/feedback-panel/content-left/feedback-meta/meta-box/date-created/icon,icon,UI / Icon
Instance property,03 — Darkroom / Library:I4008:1989;4013:2552:UI / Icon,icon style,Icon
Instance property value,03 — Darkroom / Library:I4008:1989;4013:2552:UI / Icon/Icon,icon-time,Time
Node,03 — Darkroom / Library:I4008:1989;4013:2695:03 — Darkroom / Library/Darkroom / Feedback + Chat/main/feedback-content/feedback-panel/content-left/feedback-meta/meta-box/Headers / Section Title,Headers / Section Title,UI / Section Title
Node,03 — Darkroom / Library:I4008:1989;4013:2695;4013:2571:03 — Darkroom / Library/Darkroom / Feedback + Chat/main/feedback-content/feedback-panel/content-left/feedback-meta/meta-box/UI / Section Title/Dividers / Horizontal,Dividers / Horizontal,UI / Divider / Horizontal
Node,03 — Darkroom / Library:I4008:1989;4013:2727:03 — Darkroom / Library/Darkroom / Feedback + Chat/main/feedback-content/feedback-panel/content-left/feedback-meta/meta-box/Badges / Category,Badges / Category,UI / Category Badge
Node,03 — Darkroom / Library:I4008:1989;4013:2727;4009:3503:03 — Darkroom / Library/Darkroom / Feedback + Chat/main/feedback-content/feedback-panel/content-left/feedback-meta/meta-box/UI / Category Badge/Label Alternative / Xxtra Small 9.6px,Label Alternative / Xxtra Small 9.6px,Label Alternative / Extra Small 9.6px
Node,03 — Darkroom / Library:I4008:1989;4013:2738:03 — Darkroom / Library/Darkroom / Feedback + Chat/main/feedback-content/feedback-panel/content-left/feedback-meta/meta-box/Headers / Section Title,Headers / Section Title,UI / Section Title
Node,03 — Darkroom / Library:I4008:1989;4013:2738;4013:2571:03 — Darkroom / Library/Darkroom / Feedback + Chat/main/feedback-content/feedback-panel/content-left/feedback-meta/meta-box/UI / Section Title/Dividers / Horizontal,Dividers / Horizontal,UI / Divider / Horizontal
Node,03 — Darkroom / Library:I4008:1989;4013:2787:03 — Darkroom / Library/Darkroom / Feedback + Chat/main/feedback-content/feedback-panel/content-left/feedback-meta/meta-box/Headers / Section Title,Headers / Section Title,UI / Section Title
Node,03 — Darkroom / Library:I4008:1989;4013:2787;4013:2571:03 — Darkroom / Library/Darkroom / Feedback + Chat/main/feedback-content/feedback-panel/content-left/feedback-meta/meta-box/UI / Section Title/Dividers / Horizontal,Dividers / Horizontal,UI / Divider / Horizontal
Node,03 — Darkroom / Library:I4008:1989;4013:2821:03 — Darkroom / Library/Darkroom / Feedback + Chat/main/feedback-content/feedback-panel/content-left/feedback-meta/meta-box/Headers / Section Title,Headers / Section Title,UI / Section Title
Node,03 — Darkroom / Library:I4008:1989;4013:2821;4013:2571:03 — Darkroom / Library/Darkroom / Feedback + Chat/main/feedback-content/feedback-panel/content-left/feedback-meta/meta-box/UI / Section Title/Dividers / Horizontal,Dividers / Horizontal,UI / Divider / Horizontal
Instance property,03 — Darkroom / Library:I4008:1989;4013:2844:prompt-selector,form,Type
Instance property value,03 — Darkroom / Library:I4008:1989;4013:2844:prompt-selector/Type,selector,Selector
Node,03 — Darkroom / Library:I4008:1989;4013:2844;73:1190:03 — Darkroom / Library/Darkroom / Feedback + Chat/main/feedback-content/feedback-panel/content-left/feedback-meta/meta-box/prompt-selector/icon,icon,UI / Icon
Instance property,03 — Darkroom / Library:I4008:1989;4013:2844;73:1190:UI / Icon,icon style,Icon
Instance property value,03 — Darkroom / Library:I4008:1989;4013:2844;73:1190:UI / Icon/Icon,chevron-down,Chevron Down
Instance property,03 — Darkroom / Library:I4008:1989;4007:4407:Form / Field,form,Type
Instance property value,03 — Darkroom / Library:I4008:1989;4007:4407:Form / Field/Type,textarea-skyline,Textarea Skyline
Instance property,03 — Darkroom / Library:I4008:1990;48:822;73:1465:Chat / Toolbar,Icon Type,Icon
Instance property,03 — Darkroom / Library:I4008:1990;48:822;73:1466:Chat / Toolbar,Icon Type,Icon
Instance property,03 — Darkroom / Library:I4008:1990;48:822;73:1467:Chat / Toolbar,Icon Type,Icon
Instance property value,03 — Darkroom / Library:I4008:1990;48:822;73:1467:Chat / Toolbar/Icon,Reresh,Refresh
Instance property,03 — Darkroom / Library:I4008:1990;48:822;73:1499:Chat / Toolbar,Icon Type,Icon
Instance property,03 — Darkroom / Library:I4008:1990;48:822;73:1500:Chat / Toolbar,Icon Type,Icon
Instance property,03 — Darkroom / Library:I4008:1990;48:822;73:1501:Chat / Toolbar,Icon Type,Icon
Instance property value,03 — Darkroom / Library:I4008:1990;48:822;73:1501:Chat / Toolbar/Icon,Reresh,Refresh
Instance property,03 — Darkroom / Library:I4008:1990;4002:1699;4002:1572:add-files,icon style,Icon
Instance property value,03 — Darkroom / Library:I4008:1990;4002:1699;4002:1572:add-files/Icon,plus,Plus
Node,03 — Darkroom / Library:I4008:1990;4002:1699;4002:1574;73:1550:03 — Darkroom / Library/Darkroom / Feedback + Chat/main/prompt-section/Prompt / Editor/prompt-textarea-group/prompt-metadata-bar/Prompt / Model Selector/icon,icon,UI / Icon
Instance property,03 — Darkroom / Library:I4008:1990;4002:1699;4002:1574;73:1550:UI / Icon,icon style,Icon
Instance property value,03 — Darkroom / Library:I4008:1990;4002:1699;4002:1574;73:1550:UI / Icon/Icon,chevron-down,Chevron Down
Instance property,03 — Darkroom / Library:I4008:1990;4002:1699;4002:1694:enter-button,state,State
Node,03 — Darkroom / Library:I4008:1990;4002:1699;4002:1694;73:1199:03 — Darkroom / Library/Darkroom / Feedback + Chat/main/prompt-section/Prompt / Editor/prompt-textarea-group/prompt-metadata-bar/enter-button/icon,icon,UI / Icon
Instance property,03 — Darkroom / Library:I4008:1990;4002:1699;4002:1694;73:1199:UI / Icon,icon style,Icon
Instance property value,03 — Darkroom / Library:I4008:1990;4002:1699;4002:1694;73:1199:UI / Icon/Icon,arrow-up,Arrow Up
Node,03 — Darkroom / Library:4008:1992:03 — Darkroom / Library/Darkroom / Feedback + Chat/main/save-button/Button,Button,UI / Button
Node,04 — Projects:4008:1818:04 — Projects/Project / Settings/Frame 2,Frame 2,project-settings-modal
Node,04 — Projects:4008:1820:04 — Projects/Project / Settings/project-settings-modal/Background,Background,Modal / Background
Node,04 — Projects:4008:1821:04 — Projects/Project / Settings/project-settings-modal/Edit,Edit,Modal / Edit
Instance property,04 — Projects:I4008:1821;4008:940:Form / Field,form,Type
Instance property value,04 — Projects:I4008:1821;4008:940:Form / Field/Type,input,Input
Instance property,04 — Projects:I4008:1821;4008:946:Form / Field,form,Type
Instance property value,04 — Projects:I4008:1821;4008:946:Form / Field/Type,input,Input
Instance property,04 — Projects:I4008:1821;4008:952:Form / Field,form,Type
Instance property value,04 — Projects:I4008:1821;4008:952:Form / Field/Type,textarea,Textarea
Node,04 — Projects:I4011:6126;93:8832:04 — Projects/Project / Toolbar/toolbar-actions/Project / Toolbar,Project / Toolbar,Project / Toolbar Action
Instance property,04 — Projects:I4011:6126;93:8832:Project / Toolbar Action,state,State
Instance property,04 — Projects:I4011:6126;93:8832:Project / Toolbar Action,Icon Type,Icon
Node,04 — Projects:I4011:6126;93:8687:04 — Projects/Project / Toolbar/toolbar-actions/Project / Toolbar,Project / Toolbar,Project / Toolbar Action
Instance property,04 — Projects:I4011:6126;93:8687:Project / Toolbar Action,state,State
Instance property,04 — Projects:I4011:6126;93:8687:Project / Toolbar Action,Icon Type,Icon
Node,04 — Projects:I4011:6126;93:8688:04 — Projects/Project / Toolbar/toolbar-actions/Project / Toolbar,Project / Toolbar,Project / Toolbar Action
Instance property,04 — Projects:I4011:6126;93:8688:Project / Toolbar Action,state,State
Instance property,04 — Projects:I4011:6126;93:8688:Project / Toolbar Action,Icon Type,Icon
Instance property value,04 — Projects:I4011:6126;93:8688:Project / Toolbar Action/Icon,Reresh,Refresh
Node,04 — Projects:2013:714:04 — Projects/Projects / All/sidebar/Sidebar / Sidebar,Sidebar / Sidebar,Navigation / Sidebar
Node,04 — Projects:I2013:714;14:679:04 — Projects/Projects / All/sidebar/Navigation / Sidebar/Sidebar / Nav Item,Sidebar / Nav Item,Navigation / Item
Instance property,04 — Projects:I2013:714;14:679:Navigation / Item,state,State
Instance property value,04 — Projects:I2013:714;14:679:Navigation / Item/State,disabled,Disabled
Instance property,04 — Projects:I2013:714;14:679:Navigation / Item,size,Size
Instance property value,04 — Projects:I2013:714;14:679:Navigation / Item/Size,large,Large
Node,04 — Projects:I2013:714;14:682:04 — Projects/Projects / All/sidebar/Navigation / Sidebar/Sidebar / Nav Item,Sidebar / Nav Item,Navigation / Item
Instance property,04 — Projects:I2013:714;14:682:Navigation / Item,state,State
Instance property value,04 — Projects:I2013:714;14:682:Navigation / Item/State,disabled,Disabled
Instance property,04 — Projects:I2013:714;14:682:Navigation / Item,size,Size
Instance property value,04 — Projects:I2013:714;14:682:Navigation / Item/Size,large,Large
Node,04 — Projects:I2013:714;14:684:04 — Projects/Projects / All/sidebar/Navigation / Sidebar/Sidebar / Nav Item,Sidebar / Nav Item,Navigation / Item
Instance property,04 — Projects:I2013:714;14:684:Navigation / Item,state,State
Instance property value,04 — Projects:I2013:714;14:684:Navigation / Item/State,disabled,Disabled
Instance property,04 — Projects:I2013:714;14:684:Navigation / Item,size,Size
Instance property value,04 — Projects:I2013:714;14:684:Navigation / Item/Size,large,Large
Node,04 — Projects:I2013:714;14:686:04 — Projects/Projects / All/sidebar/Navigation / Sidebar/Sidebar / Nav Item,Sidebar / Nav Item,Navigation / Item
Instance property,04 — Projects:I2013:714;14:686:Navigation / Item,state,State
Instance property value,04 — Projects:I2013:714;14:686:Navigation / Item/State,active,Active
Instance property,04 — Projects:I2013:714;14:686:Navigation / Item,size,Size
Instance property value,04 — Projects:I2013:714;14:686:Navigation / Item/Size,large,Large
Node,04 — Projects:I2013:714;14:688:04 — Projects/Projects / All/sidebar/Navigation / Sidebar/Sidebar / Nav Item,Sidebar / Nav Item,Navigation / Item
Instance property,04 — Projects:I2013:714;14:688:Navigation / Item,state,State
Instance property value,04 — Projects:I2013:714;14:688:Navigation / Item/State,disabled,Disabled
Instance property,04 — Projects:I2013:714;14:688:Navigation / Item,size,Size
Instance property value,04 — Projects:I2013:714;14:688:Navigation / Item/Size,large,Large
Node,04 — Projects:I2013:714;14:697:04 — Projects/Projects / All/sidebar/Navigation / Sidebar/Sidebar / Nav Item,Sidebar / Nav Item,Navigation / Item
Instance property,04 — Projects:I2013:714;14:697:Navigation / Item,state,State
Instance property value,04 — Projects:I2013:714;14:697:Navigation / Item/State,disabled,Disabled
Instance property,04 — Projects:I2013:714;14:697:Navigation / Item,size,Size
Instance property value,04 — Projects:I2013:714;14:697:Navigation / Item/Size,large,Large
Instance property value,04 — Projects:2013:716:topbar/Module,top bar with link,Top Bar with Link
Node,04 — Projects:I2013:716;73:1074:04 — Projects/Projects / All/main/topbar/Button,Button,UI / Button
Node,04 — Projects:I2013:716;73:1074;72:653:04 — Projects/Projects / All/main/topbar/UI / Button/icon,icon,UI / Icon
Instance property,04 — Projects:I2013:716;73:1074;72:653:UI / Icon,icon style,Icon
Instance property value,04 — Projects:I2013:716;73:1074;72:653:UI / Icon/Icon,arrow-left,Arrow Left
Node,04 — Projects:I2013:716;4010:4273:04 — Projects/Projects / All/main/topbar/Model Bar,Model Bar,UI / Model Bar
Instance property value,04 — Projects:I2013:716;4010:4273;73:1125:UI / Status Badge/Status,active,Active
Node,04 — Projects:2013:717:04 — Projects/Projects / All/main/Headers / Headers,Headers / Headers,UI / Header
Instance property,04 — Projects:2013:717:UI / Header,type,Type
Instance property value,04 — Projects:2013:717:UI / Header/Type,Header full toolbar,Header Full Toolbar
Node,04 — Projects:I2013:717;4007:4453;93:8832:04 — Projects/Projects / All/main/UI / Header/Project / Toolbar/toolbar-actions/Project / Toolbar,Project / Toolbar,Project / Toolbar Action
Instance property,04 — Projects:I2013:717;4007:4453;93:8832:Project / Toolbar Action,state,State
Instance property,04 — Projects:I2013:717;4007:4453;93:8832:Project / Toolbar Action,Icon Type,Icon
Node,04 — Projects:I2013:717;4007:4453;93:8687:04 — Projects/Projects / All/main/UI / Header/Project / Toolbar/toolbar-actions/Project / Toolbar,Project / Toolbar,Project / Toolbar Action
Instance property,04 — Projects:I2013:717;4007:4453;93:8687:Project / Toolbar Action,state,State
Instance property,04 — Projects:I2013:717;4007:4453;93:8687:Project / Toolbar Action,Icon Type,Icon
Node,04 — Projects:I2013:717;4007:4453;93:8688:04 — Projects/Projects / All/main/UI / Header/Project / Toolbar/toolbar-actions/Project / Toolbar,Project / Toolbar,Project / Toolbar Action
Instance property,04 — Projects:I2013:717;4007:4453;93:8688:Project / Toolbar Action,state,State
Instance property,04 — Projects:I2013:717;4007:4453;93:8688:Project / Toolbar Action,Icon Type,Icon
Instance property value,04 — Projects:I2013:717;4007:4453;93:8688:Project / Toolbar Action/Icon,Reresh,Refresh
Node,04 — Projects:I2013:717;4007:4452:04 — Projects/Projects / All/main/UI / Header/Project -toolbar,Project -toolbar,project-toolbar
Node,04 — Projects:I2013:717;93:8705:04 — Projects/Projects / All/main/UI / Header/project-toolbar/Button,Button,UI / Button
Node,04 — Projects:I2013:717;4007:4132:04 — Projects/Projects / All/main/UI / Header/project-toolbar/Button,Button,UI / Button
Node,04 — Projects:93:11329:04 — Projects/Projects / All,Projects / All,Projects / Legacy / Darkroom
Node,04 — Projects:93:11331:04 — Projects/Projects / Legacy / Darkroom/sidebar/Sidebar / Sidebar,Sidebar / Sidebar,Navigation / Sidebar
Node,04 — Projects:I93:11331;14:679:04 — Projects/Projects / Legacy / Darkroom/sidebar/Navigation / Sidebar/Sidebar / Nav Item,Sidebar / Nav Item,Navigation / Item
Instance property,04 — Projects:I93:11331;14:679:Navigation / Item,state,State
Instance property value,04 — Projects:I93:11331;14:679:Navigation / Item/State,disabled,Disabled
Instance property,04 — Projects:I93:11331;14:679:Navigation / Item,size,Size
Instance property value,04 — Projects:I93:11331;14:679:Navigation / Item/Size,large,Large
Node,04 — Projects:I93:11331;14:682:04 — Projects/Projects / Legacy / Darkroom/sidebar/Navigation / Sidebar/Sidebar / Nav Item,Sidebar / Nav Item,Navigation / Item
Instance property,04 — Projects:I93:11331;14:682:Navigation / Item,state,State
Instance property value,04 — Projects:I93:11331;14:682:Navigation / Item/State,disabled,Disabled
Instance property,04 — Projects:I93:11331;14:682:Navigation / Item,size,Size
Instance property value,04 — Projects:I93:11331;14:682:Navigation / Item/Size,large,Large
Node,04 — Projects:I93:11331;14:684:04 — Projects/Projects / Legacy / Darkroom/sidebar/Navigation / Sidebar/Sidebar / Nav Item,Sidebar / Nav Item,Navigation / Item
Instance property,04 — Projects:I93:11331;14:684:Navigation / Item,state,State
Instance property value,04 — Projects:I93:11331;14:684:Navigation / Item/State,disabled,Disabled
Instance property,04 — Projects:I93:11331;14:684:Navigation / Item,size,Size
Instance property value,04 — Projects:I93:11331;14:684:Navigation / Item/Size,large,Large
Node,04 — Projects:I93:11331;14:686:04 — Projects/Projects / Legacy / Darkroom/sidebar/Navigation / Sidebar/Sidebar / Nav Item,Sidebar / Nav Item,Navigation / Item
Instance property,04 — Projects:I93:11331;14:686:Navigation / Item,state,State
Instance property value,04 — Projects:I93:11331;14:686:Navigation / Item/State,active,Active
Instance property,04 — Projects:I93:11331;14:686:Navigation / Item,size,Size
Instance property value,04 — Projects:I93:11331;14:686:Navigation / Item/Size,large,Large
Node,04 — Projects:I93:11331;14:688:04 — Projects/Projects / Legacy / Darkroom/sidebar/Navigation / Sidebar/Sidebar / Nav Item,Sidebar / Nav Item,Navigation / Item
Instance property,04 — Projects:I93:11331;14:688:Navigation / Item,state,State
Instance property value,04 — Projects:I93:11331;14:688:Navigation / Item/State,disabled,Disabled
Instance property,04 — Projects:I93:11331;14:688:Navigation / Item,size,Size
Instance property value,04 — Projects:I93:11331;14:688:Navigation / Item/Size,large,Large
Node,04 — Projects:I93:11331;14:697:04 — Projects/Projects / Legacy / Darkroom/sidebar/Navigation / Sidebar/Sidebar / Nav Item,Sidebar / Nav Item,Navigation / Item
Instance property,04 — Projects:I93:11331;14:697:Navigation / Item,state,State
Instance property value,04 — Projects:I93:11331;14:697:Navigation / Item/State,disabled,Disabled
Instance property,04 — Projects:I93:11331;14:697:Navigation / Item,size,Size
Instance property value,04 — Projects:I93:11331;14:697:Navigation / Item/Size,large,Large
Instance property value,04 — Projects:93:11333:topbar/Module,top bar with link,Top Bar with Link
Node,04 — Projects:I93:11333;73:1074:04 — Projects/Projects / Legacy / Darkroom/main/topbar/Button,Button,UI / Button
Node,04 — Projects:I93:11333;73:1074;72:653:04 — Projects/Projects / Legacy / Darkroom/main/topbar/UI / Button/icon,icon,UI / Icon
Instance property,04 — Projects:I93:11333;73:1074;72:653:UI / Icon,icon style,Icon
Instance property value,04 — Projects:I93:11333;73:1074;72:653:UI / Icon/Icon,arrow-left,Arrow Left
Node,04 — Projects:I93:11333;4010:4273:04 — Projects/Projects / Legacy / Darkroom/main/topbar/Model Bar,Model Bar,UI / Model Bar
Instance property value,04 — Projects:I93:11333;4010:4273;73:1125:UI / Status Badge/Status,active,Active
Node,04 — Projects:93:11334:04 — Projects/Projects / Legacy / Darkroom/main/Headers / Headers,Headers / Headers,UI / Header
Instance property,04 — Projects:93:11334:UI / Header,type,Type
Instance property value,04 — Projects:93:11334:UI / Header/Type,header with toolbar,Header with Toolbar
Node,04 — Projects:I93:11334;93:8727;93:8832:04 — Projects/Projects / Legacy / Darkroom/main/UI / Header/Project / Toolbar/toolbar-actions/Project / Toolbar,Project / Toolbar,Project / Toolbar Action
Instance property,04 — Projects:I93:11334;93:8727;93:8832:Project / Toolbar Action,state,State
Instance property,04 — Projects:I93:11334;93:8727;93:8832:Project / Toolbar Action,Icon Type,Icon
Node,04 — Projects:I93:11334;93:8727;93:8687:04 — Projects/Projects / Legacy / Darkroom/main/UI / Header/Project / Toolbar/toolbar-actions/Project / Toolbar,Project / Toolbar,Project / Toolbar Action
Instance property,04 — Projects:I93:11334;93:8727;93:8687:Project / Toolbar Action,state,State
Instance property,04 — Projects:I93:11334;93:8727;93:8687:Project / Toolbar Action,Icon Type,Icon
Node,04 — Projects:I93:11334;93:8727;93:8688:04 — Projects/Projects / Legacy / Darkroom/main/UI / Header/Project / Toolbar/toolbar-actions/Project / Toolbar,Project / Toolbar,Project / Toolbar Action
Instance property,04 — Projects:I93:11334;93:8727;93:8688:Project / Toolbar Action,state,State
Instance property,04 — Projects:I93:11334;93:8727;93:8688:Project / Toolbar Action,Icon Type,Icon
Instance property value,04 — Projects:I93:11334;93:8727;93:8688:Project / Toolbar Action/Icon,Reresh,Refresh
Node,04 — Projects:I93:11334;93:8727;93:8696:04 — Projects/Projects / Legacy / Darkroom/main/UI / Header/Project / Toolbar/Button,Button,UI / Button
Node,04 — Projects:93:11336:04 — Projects/Projects / Legacy / Darkroom/main/project-data/Button,Button,UI / Button
Node,04 — Projects:93:11338:04 — Projects/Projects / Legacy / Darkroom/main/project-data/project-grid/Cards / Card,Cards / Card,UI / Card
Node,04 — Projects:I93:11338;91:4048:04 — Projects/Projects / Legacy / Darkroom/main/project-data/project-grid/UI / Card/header/icon,icon,UI / Icon
Instance property,04 — Projects:I93:11338;91:4048:UI / Icon,icon style,Icon
Instance property value,04 — Projects:I93:11338;91:4048:UI / Icon/Icon,three-dots,More
Node,04 — Projects:I93:11338;4009:3745:04 — Projects/Projects / Legacy / Darkroom/main/project-data/project-grid/UI / Card/Button,Button,UI / Button
Node,04 — Projects:93:11339:04 — Projects/Projects / Legacy / Darkroom/main/project-data/project-grid/Cards / Card,Cards / Card,UI / Card
Node,04 — Projects:I93:11339;91:4048:04 — Projects/Projects / Legacy / Darkroom/main/project-data/project-grid/UI / Card/header/icon,icon,UI / Icon
Instance property,04 — Projects:I93:11339;91:4048:UI / Icon,icon style,Icon
Instance property value,04 — Projects:I93:11339;91:4048:UI / Icon/Icon,three-dots,More
Node,04 — Projects:I93:11339;4009:3745:04 — Projects/Projects / Legacy / Darkroom/main/project-data/project-grid/UI / Card/Button,Button,UI / Button
Node,04 — Projects:93:11340:04 — Projects/Projects / Legacy / Darkroom/main/project-data/project-grid/Cards / Card,Cards / Card,UI / Card
Node,04 — Projects:I93:11340;91:4048:04 — Projects/Projects / Legacy / Darkroom/main/project-data/project-grid/UI / Card/header/icon,icon,UI / Icon
Instance property,04 — Projects:I93:11340;91:4048:UI / Icon,icon style,Icon
Instance property value,04 — Projects:I93:11340;91:4048:UI / Icon/Icon,three-dots,More
Node,04 — Projects:I93:11340;4009:3745:04 — Projects/Projects / Legacy / Darkroom/main/project-data/project-grid/UI / Card/Button,Button,UI / Button
Node,04 — Projects:93:11341:04 — Projects/Projects / Legacy / Darkroom/main/project-data/project-grid/Cards / Card,Cards / Card,UI / Card
Node,04 — Projects:I93:11341;91:4048:04 — Projects/Projects / Legacy / Darkroom/main/project-data/project-grid/UI / Card/header/icon,icon,UI / Icon
Instance property,04 — Projects:I93:11341;91:4048:UI / Icon,icon style,Icon
Instance property value,04 — Projects:I93:11341;91:4048:UI / Icon/Icon,three-dots,More
Node,04 — Projects:I93:11341;4009:3745:04 — Projects/Projects / Legacy / Darkroom/main/project-data/project-grid/UI / Card/Button,Button,UI / Button
Node,04 — Projects:93:11342:04 — Projects/Projects / Legacy / Darkroom/main/project-data/project-grid/Cards / Card,Cards / Card,UI / Card
Node,04 — Projects:I93:11342;91:4048:04 — Projects/Projects / Legacy / Darkroom/main/project-data/project-grid/UI / Card/header/icon,icon,UI / Icon
Instance property,04 — Projects:I93:11342;91:4048:UI / Icon,icon style,Icon
Instance property value,04 — Projects:I93:11342;91:4048:UI / Icon/Icon,three-dots,More
Node,04 — Projects:I93:11342;4009:3745:04 — Projects/Projects / Legacy / Darkroom/main/project-data/project-grid/UI / Card/Button,Button,UI / Button
Node,04 — Projects:93:11343:04 — Projects/Projects / Legacy / Darkroom/main/project-data/project-grid/Cards / Card,Cards / Card,UI / Card
Node,04 — Projects:I93:11343;91:4048:04 — Projects/Projects / Legacy / Darkroom/main/project-data/project-grid/UI / Card/header/icon,icon,UI / Icon
Instance property,04 — Projects:I93:11343;91:4048:UI / Icon,icon style,Icon
Instance property value,04 — Projects:I93:11343;91:4048:UI / Icon/Icon,three-dots,More
Node,04 — Projects:I93:11343;4009:3745:04 — Projects/Projects / Legacy / Darkroom/main/project-data/project-grid/UI / Card/Button,Button,UI / Button
Node,04 — Projects:93:11344:04 — Projects/Projects / Legacy / Darkroom/main/project-data/project-grid/Cards / Card,Cards / Card,UI / Card
Node,04 — Projects:I93:11344;91:4048:04 — Projects/Projects / Legacy / Darkroom/main/project-data/project-grid/UI / Card/header/icon,icon,UI / Icon
Instance property,04 — Projects:I93:11344;91:4048:UI / Icon,icon style,Icon
Instance property value,04 — Projects:I93:11344;91:4048:UI / Icon/Icon,three-dots,More
Node,04 — Projects:I93:11344;4009:3745:04 — Projects/Projects / Legacy / Darkroom/main/project-data/project-grid/UI / Card/Button,Button,UI / Button
Node,04 — Projects:93:11345:04 — Projects/Projects / Legacy / Darkroom/main/project-data/project-grid/Cards / Card,Cards / Card,UI / Card
Node,04 — Projects:I93:11345;91:4048:04 — Projects/Projects / Legacy / Darkroom/main/project-data/project-grid/UI / Card/header/icon,icon,UI / Icon
Instance property,04 — Projects:I93:11345;91:4048:UI / Icon,icon style,Icon
Instance property value,04 — Projects:I93:11345;91:4048:UI / Icon/Icon,three-dots,More
Node,04 — Projects:I93:11345;4009:3745:04 — Projects/Projects / Legacy / Darkroom/main/project-data/project-grid/UI / Card/Button,Button,UI / Button
Node,04 — Projects:93:11346:04 — Projects/Projects / Legacy / Darkroom/main/project-data/project-grid/Cards / Card,Cards / Card,UI / Card
Node,04 — Projects:I93:11346;91:4048:04 — Projects/Projects / Legacy / Darkroom/main/project-data/project-grid/UI / Card/header/icon,icon,UI / Icon
Instance property,04 — Projects:I93:11346;91:4048:UI / Icon,icon style,Icon
Instance property value,04 — Projects:I93:11346;91:4048:UI / Icon/Icon,three-dots,More
Node,04 — Projects:I93:11346;4009:3745:04 — Projects/Projects / Legacy / Darkroom/main/project-data/project-grid/UI / Card/Button,Button,UI / Button
Node,04 — Projects:93:11708:04 — Projects/Projects / Quick View/Quick View / Side Drawer,Quick View / Side Drawer,Quick View / Drawer
Instance property,04 — Projects:I93:11708;93:8921:close,icon-type,Icon
Instance property value,04 — Projects:I93:11708;93:8921:close/Icon,button-close,Close
Node,04 — Projects:I93:11708;4011:5519:04 — Projects/Projects / Quick View/Quick View / Drawer/side-drawer-header/catagory / badges,catagory / badges,category-badges
Node,04 — Projects:I93:11708;4011:5520:04 — Projects/Projects / Quick View/Quick View / Drawer/side-drawer-header/category-badges/Badges / Category,Badges / Category,UI / Category Badge
Node,04 — Projects:I93:11708;4011:5520;4009:3503:04 — Projects/Projects / Quick View/Quick View / Drawer/side-drawer-header/category-badges/UI / Category Badge/Label Alternative / Xxtra Small 9.6px,Label Alternative / Xxtra Small 9.6px,Label Alternative / Extra Small 9.6px
Node,04 — Projects:I93:11708;4011:5521:04 — Projects/Projects / Quick View/Quick View / Drawer/side-drawer-header/category-badges/Badges / Category,Badges / Category,UI / Category Badge
Instance property value,04 — Projects:I93:11708;4011:5521:UI / Category Badge/Color,Stale,Slate
Node,04 — Projects:I93:11708;4011:5521;4010:4315:04 — Projects/Projects / Quick View/Quick View / Drawer/side-drawer-header/category-badges/UI / Category Badge/Label Alternative / Xxtra Small 9.6px,Label Alternative / Xxtra Small 9.6px,Label Alternative / Extra Small 9.6px
Instance property,04 — Projects:I93:11708;4011:5551:Form / Field,form,Type
Instance property value,04 — Projects:I93:11708;4011:5551:Form / Field/Type,textarea-skyline,Textarea Skyline
Node,04 — Projects:I93:11708;4011:5541:04 — Projects/Projects / Quick View/Quick View / Drawer/prompt-reply/Button,Button,UI / Button
Instance property,04 — Projects:I93:11708;4011:5564:Form / Field,form,Type
Instance property value,04 — Projects:I93:11708;4011:5564:Form / Field/Type,textarea-skyline,Textarea Skyline
Node,04 — Projects:4011:5891:04 — Projects/Projects / Detail,Projects / Detail,Projects / Detail / Overview
Node,04 — Projects:4011:5893:04 — Projects/Projects / Detail / Overview/sidebar/Sidebar / Sidebar,Sidebar / Sidebar,Navigation / Sidebar
Node,04 — Projects:I4011:5893;14:679:04 — Projects/Projects / Detail / Overview/sidebar/Navigation / Sidebar/Sidebar / Nav Item,Sidebar / Nav Item,Navigation / Item
Instance property,04 — Projects:I4011:5893;14:679:Navigation / Item,state,State
Instance property value,04 — Projects:I4011:5893;14:679:Navigation / Item/State,disabled,Disabled
Instance property,04 — Projects:I4011:5893;14:679:Navigation / Item,size,Size
Instance property value,04 — Projects:I4011:5893;14:679:Navigation / Item/Size,large,Large
Node,04 — Projects:I4011:5893;14:682:04 — Projects/Projects / Detail / Overview/sidebar/Navigation / Sidebar/Sidebar / Nav Item,Sidebar / Nav Item,Navigation / Item
Instance property,04 — Projects:I4011:5893;14:682:Navigation / Item,state,State
Instance property value,04 — Projects:I4011:5893;14:682:Navigation / Item/State,disabled,Disabled
Instance property,04 — Projects:I4011:5893;14:682:Navigation / Item,size,Size
Instance property value,04 — Projects:I4011:5893;14:682:Navigation / Item/Size,large,Large
Node,04 — Projects:I4011:5893;14:684:04 — Projects/Projects / Detail / Overview/sidebar/Navigation / Sidebar/Sidebar / Nav Item,Sidebar / Nav Item,Navigation / Item
Instance property,04 — Projects:I4011:5893;14:684:Navigation / Item,state,State
Instance property value,04 — Projects:I4011:5893;14:684:Navigation / Item/State,disabled,Disabled
Instance property,04 — Projects:I4011:5893;14:684:Navigation / Item,size,Size
Instance property value,04 — Projects:I4011:5893;14:684:Navigation / Item/Size,large,Large
Node,04 — Projects:I4011:5893;14:686:04 — Projects/Projects / Detail / Overview/sidebar/Navigation / Sidebar/Sidebar / Nav Item,Sidebar / Nav Item,Navigation / Item
Instance property,04 — Projects:I4011:5893;14:686:Navigation / Item,state,State
Instance property value,04 — Projects:I4011:5893;14:686:Navigation / Item/State,active,Active
Instance property,04 — Projects:I4011:5893;14:686:Navigation / Item,size,Size
Instance property value,04 — Projects:I4011:5893;14:686:Navigation / Item/Size,large,Large
Node,04 — Projects:I4011:5893;14:688:04 — Projects/Projects / Detail / Overview/sidebar/Navigation / Sidebar/Sidebar / Nav Item,Sidebar / Nav Item,Navigation / Item
Instance property,04 — Projects:I4011:5893;14:688:Navigation / Item,state,State
Instance property value,04 — Projects:I4011:5893;14:688:Navigation / Item/State,disabled,Disabled
Instance property,04 — Projects:I4011:5893;14:688:Navigation / Item,size,Size
Instance property value,04 — Projects:I4011:5893;14:688:Navigation / Item/Size,large,Large
Node,04 — Projects:I4011:5893;14:697:04 — Projects/Projects / Detail / Overview/sidebar/Navigation / Sidebar/Sidebar / Nav Item,Sidebar / Nav Item,Navigation / Item
Instance property,04 — Projects:I4011:5893;14:697:Navigation / Item,state,State
Instance property value,04 — Projects:I4011:5893;14:697:Navigation / Item/State,disabled,Disabled
Instance property,04 — Projects:I4011:5893;14:697:Navigation / Item,size,Size
Instance property value,04 — Projects:I4011:5893;14:697:Navigation / Item/Size,large,Large
Instance property value,04 — Projects:4011:5895:topbar/Module,top bar with link,Top Bar with Link
Node,04 — Projects:I4011:5895;73:1074:04 — Projects/Projects / Detail / Overview/main/topbar/Button,Button,UI / Button
Node,04 — Projects:I4011:5895;73:1074;72:653:04 — Projects/Projects / Detail / Overview/main/topbar/UI / Button/icon,icon,UI / Icon
Instance property,04 — Projects:I4011:5895;73:1074;72:653:UI / Icon,icon style,Icon
Instance property value,04 — Projects:I4011:5895;73:1074;72:653:UI / Icon/Icon,arrow-left,Arrow Left
Node,04 — Projects:I4011:5895;4010:4273:04 — Projects/Projects / Detail / Overview/main/topbar/Model Bar,Model Bar,UI / Model Bar
Instance property value,04 — Projects:I4011:5895;4010:4273;73:1125:UI / Status Badge/Status,active,Active
Node,04 — Projects:4011:5896:04 — Projects/Projects / Detail / Overview/main/Headers / Headers,Headers / Headers,UI / Header
Instance property,04 — Projects:4011:5896:UI / Header,type,Type
Instance property value,04 — Projects:4011:5896:UI / Header/Type,header with toolbar,Header with Toolbar
Node,04 — Projects:I4011:5896;93:8727;93:8832:04 — Projects/Projects / Detail / Overview/main/UI / Header/Project / Toolbar/toolbar-actions/Project / Toolbar,Project / Toolbar,Project / Toolbar Action
Instance property,04 — Projects:I4011:5896;93:8727;93:8832:Project / Toolbar Action,state,State
Instance property,04 — Projects:I4011:5896;93:8727;93:8832:Project / Toolbar Action,Icon Type,Icon
Node,04 — Projects:I4011:5896;93:8727;93:8687:04 — Projects/Projects / Detail / Overview/main/UI / Header/Project / Toolbar/toolbar-actions/Project / Toolbar,Project / Toolbar,Project / Toolbar Action
Instance property,04 — Projects:I4011:5896;93:8727;93:8687:Project / Toolbar Action,state,State
Instance property,04 — Projects:I4011:5896;93:8727;93:8687:Project / Toolbar Action,Icon Type,Icon
Node,04 — Projects:I4011:5896;93:8727;93:8688:04 — Projects/Projects / Detail / Overview/main/UI / Header/Project / Toolbar/toolbar-actions/Project / Toolbar,Project / Toolbar,Project / Toolbar Action
Instance property,04 — Projects:I4011:5896;93:8727;93:8688:Project / Toolbar Action,state,State
Instance property,04 — Projects:I4011:5896;93:8727;93:8688:Project / Toolbar Action,Icon Type,Icon
Instance property value,04 — Projects:I4011:5896;93:8727;93:8688:Project / Toolbar Action/Icon,Reresh,Refresh
Node,04 — Projects:4011:5897:04 — Projects/Projects / Detail / Overview/main/Frame 3/Tab / Tab Navigation,Tab / Tab Navigation,Navigation / Tabs
Node,04 — Projects:I4011:5897;31:1214:04 — Projects/Projects / Detail / Overview/main/Frame 3/Navigation / Tabs/Tab / Buttons,Tab / Buttons,Navigation / Tab
Instance property,04 — Projects:I4011:5897;31:1214:Navigation / Tab,state,State
Instance property value,04 — Projects:I4011:5897;31:1214:Navigation / Tab/State,active,Active
Instance property,04 — Projects:I4011:5897;31:1217:Tab,state,State
Instance property value,04 — Projects:I4011:5897;31:1217:Tab/State,disabled,Disabled
Node,04 — Projects:I4011:5897;80:4627:04 — Projects/Projects / Detail / Overview/main/Frame 3/Navigation / Tabs/Tab / Buttons,Tab / Buttons,Navigation / Tab
Instance property,04 — Projects:I4011:5897;80:4627:Navigation / Tab,state,State
Instance property value,04 — Projects:I4011:5897;80:4627:Navigation / Tab/State,disabled,Disabled
Node,04 — Projects:I4011:5897;4011:5690:04 — Projects/Projects / Detail / Overview/main/Frame 3/Navigation / Tabs/Tab / Buttons,Tab / Buttons,Navigation / Tab
Instance property,04 — Projects:I4011:5897;4011:5690:Navigation / Tab,state,State
Instance property value,04 — Projects:I4011:5897;4011:5690:Navigation / Tab/State,disabled,Disabled
Node,04 — Projects:4011:6159:04 — Projects/Projects / Detail / Overview/main/Frame 3/project-data/project-summery,project-summery,project-summary
Node,04 — Projects:4011:6469:04 — Projects/Projects / Detail / Overview/main/Frame 3/project-data/latest-activity/Frame 4,Frame 4,recent-sessions
Node,04 — Projects:I4011:6544;4011:6839:04 — Projects/Projects / Detail / Overview/main/Frame 3/project-data/latest-activity/recent-sessions/Project / Session Card/feedback-title/Frame 1,Frame 1,session-title
Node,04 — Projects:I4011:6544;4011:6832:04 — Projects/Projects / Detail / Overview/main/Frame 3/project-data/latest-activity/recent-sessions/Project / Session Card/feedback-title/session-title/icon,icon,UI / Icon
Instance property,04 — Projects:I4011:6544;4011:6832:UI / Icon,icon style,Icon
Instance property value,04 — Projects:I4011:6544;4011:6832:UI / Icon/Icon,left-indent-image,Left Indent Image
Node,04 — Projects:I4011:6544;4011:6189:04 — Projects/Projects / Detail / Overview/main/Frame 3/project-data/latest-activity/recent-sessions/Project / Session Card/feedback-title/date-created/icon,icon,UI / Icon
Instance property,04 — Projects:I4011:6544;4011:6189:UI / Icon,icon style,Icon
Instance property value,04 — Projects:I4011:6544;4011:6189:UI / Icon/Icon,icon-time,Time
Node,04 — Projects:I4011:6544;4012:7348:04 — Projects/Projects / Detail / Overview/main/Frame 3/project-data/latest-activity/recent-sessions/Project / Session Card/feedback-title/Frame 1,Frame 1,session-title
Node,04 — Projects:I4011:6544;4012:7349:04 — Projects/Projects / Detail / Overview/main/Frame 3/project-data/latest-activity/recent-sessions/Project / Session Card/feedback-title/session-title/icon,icon,UI / Icon
Instance property,04 — Projects:I4011:6544;4012:7349:UI / Icon,icon style,Icon
Instance property value,04 — Projects:I4011:6544;4012:7349:UI / Icon/Icon,left-indent-image,Left Indent Image
Node,04 — Projects:I4011:6544;4012:7352:04 — Projects/Projects / Detail / Overview/main/Frame 3/project-data/latest-activity/recent-sessions/Project / Session Card/feedback-title/date-created/icon,icon,UI / Icon
Instance property,04 — Projects:I4011:6544;4012:7352:UI / Icon,icon style,Icon
Instance property value,04 — Projects:I4011:6544;4012:7352:UI / Icon/Icon,icon-time,Time
Node,04 — Projects:I4011:6544;4012:7381:04 — Projects/Projects / Detail / Overview/main/Frame 3/project-data/latest-activity/recent-sessions/Project / Session Card/feedback-title/Frame 1,Frame 1,session-title
Node,04 — Projects:I4011:6544;4012:7382:04 — Projects/Projects / Detail / Overview/main/Frame 3/project-data/latest-activity/recent-sessions/Project / Session Card/feedback-title/session-title/icon,icon,UI / Icon
Instance property,04 — Projects:I4011:6544;4012:7382:UI / Icon,icon style,Icon
Instance property value,04 — Projects:I4011:6544;4012:7382:UI / Icon/Icon,left-indent-image,Left Indent Image
Node,04 — Projects:I4011:6544;4012:7385:04 — Projects/Projects / Detail / Overview/main/Frame 3/project-data/latest-activity/recent-sessions/Project / Session Card/feedback-title/date-created/icon,icon,UI / Icon
Instance property,04 — Projects:I4011:6544;4012:7385:UI / Icon,icon style,Icon
Instance property value,04 — Projects:I4011:6544;4012:7385:UI / Icon/Icon,icon-time,Time
Node,04 — Projects:I4011:6544;4012:7414:04 — Projects/Projects / Detail / Overview/main/Frame 3/project-data/latest-activity/recent-sessions/Project / Session Card/feedback-title/Frame 1,Frame 1,session-title
Node,04 — Projects:I4011:6544;4012:7415:04 — Projects/Projects / Detail / Overview/main/Frame 3/project-data/latest-activity/recent-sessions/Project / Session Card/feedback-title/session-title/icon,icon,UI / Icon
Instance property,04 — Projects:I4011:6544;4012:7415:UI / Icon,icon style,Icon
Instance property value,04 — Projects:I4011:6544;4012:7415:UI / Icon/Icon,left-indent-image,Left Indent Image
Node,04 — Projects:I4011:6544;4012:7418:04 — Projects/Projects / Detail / Overview/main/Frame 3/project-data/latest-activity/recent-sessions/Project / Session Card/feedback-title/date-created/icon,icon,UI / Icon
Instance property,04 — Projects:I4011:6544;4012:7418:UI / Icon,icon style,Icon
Instance property value,04 — Projects:I4011:6544;4012:7418:UI / Icon/Icon,icon-time,Time
Node,04 — Projects:I4011:6544;4012:7447:04 — Projects/Projects / Detail / Overview/main/Frame 3/project-data/latest-activity/recent-sessions/Project / Session Card/feedback-title/Frame 1,Frame 1,session-title
Node,04 — Projects:I4011:6544;4012:7448:04 — Projects/Projects / Detail / Overview/main/Frame 3/project-data/latest-activity/recent-sessions/Project / Session Card/feedback-title/session-title/icon,icon,UI / Icon
Instance property,04 — Projects:I4011:6544;4012:7448:UI / Icon,icon style,Icon
Instance property value,04 — Projects:I4011:6544;4012:7448:UI / Icon/Icon,left-indent-image,Left Indent Image
Node,04 — Projects:I4011:6544;4012:7451:04 — Projects/Projects / Detail / Overview/main/Frame 3/project-data/latest-activity/recent-sessions/Project / Session Card/feedback-title/date-created/icon,icon,UI / Icon
Instance property,04 — Projects:I4011:6544;4012:7451:UI / Icon,icon style,Icon
Instance property value,04 — Projects:I4011:6544;4012:7451:UI / Icon/Icon,icon-time,Time
Node,04 — Projects:I4011:6577;4011:6839:04 — Projects/Projects / Detail / Overview/main/Frame 3/project-data/latest-activity/recent-sessions/Project / Session Card/feedback-title/Frame 1,Frame 1,session-title
Node,04 — Projects:I4011:6577;4011:6832:04 — Projects/Projects / Detail / Overview/main/Frame 3/project-data/latest-activity/recent-sessions/Project / Session Card/feedback-title/session-title/icon,icon,UI / Icon
Instance property,04 — Projects:I4011:6577;4011:6832:UI / Icon,icon style,Icon
Instance property value,04 — Projects:I4011:6577;4011:6832:UI / Icon/Icon,left-indent-image,Left Indent Image
Node,04 — Projects:I4011:6577;4011:6189:04 — Projects/Projects / Detail / Overview/main/Frame 3/project-data/latest-activity/recent-sessions/Project / Session Card/feedback-title/date-created/icon,icon,UI / Icon
Instance property,04 — Projects:I4011:6577;4011:6189:UI / Icon,icon style,Icon
Instance property value,04 — Projects:I4011:6577;4011:6189:UI / Icon/Icon,icon-time,Time
Node,04 — Projects:I4011:6577;4012:7348:04 — Projects/Projects / Detail / Overview/main/Frame 3/project-data/latest-activity/recent-sessions/Project / Session Card/feedback-title/Frame 1,Frame 1,session-title
Node,04 — Projects:I4011:6577;4012:7349:04 — Projects/Projects / Detail / Overview/main/Frame 3/project-data/latest-activity/recent-sessions/Project / Session Card/feedback-title/session-title/icon,icon,UI / Icon
Instance property,04 — Projects:I4011:6577;4012:7349:UI / Icon,icon style,Icon
Instance property value,04 — Projects:I4011:6577;4012:7349:UI / Icon/Icon,left-indent-image,Left Indent Image
Node,04 — Projects:I4011:6577;4012:7352:04 — Projects/Projects / Detail / Overview/main/Frame 3/project-data/latest-activity/recent-sessions/Project / Session Card/feedback-title/date-created/icon,icon,UI / Icon
Instance property,04 — Projects:I4011:6577;4012:7352:UI / Icon,icon style,Icon
Instance property value,04 — Projects:I4011:6577;4012:7352:UI / Icon/Icon,icon-time,Time
Node,04 — Projects:I4011:6577;4012:7381:04 — Projects/Projects / Detail / Overview/main/Frame 3/project-data/latest-activity/recent-sessions/Project / Session Card/feedback-title/Frame 1,Frame 1,session-title
Node,04 — Projects:I4011:6577;4012:7382:04 — Projects/Projects / Detail / Overview/main/Frame 3/project-data/latest-activity/recent-sessions/Project / Session Card/feedback-title/session-title/icon,icon,UI / Icon
Instance property,04 — Projects:I4011:6577;4012:7382:UI / Icon,icon style,Icon
Instance property value,04 — Projects:I4011:6577;4012:7382:UI / Icon/Icon,left-indent-image,Left Indent Image
Node,04 — Projects:I4011:6577;4012:7385:04 — Projects/Projects / Detail / Overview/main/Frame 3/project-data/latest-activity/recent-sessions/Project / Session Card/feedback-title/date-created/icon,icon,UI / Icon
Instance property,04 — Projects:I4011:6577;4012:7385:UI / Icon,icon style,Icon
Instance property value,04 — Projects:I4011:6577;4012:7385:UI / Icon/Icon,icon-time,Time
Node,04 — Projects:I4011:6577;4012:7414:04 — Projects/Projects / Detail / Overview/main/Frame 3/project-data/latest-activity/recent-sessions/Project / Session Card/feedback-title/Frame 1,Frame 1,session-title
Node,04 — Projects:I4011:6577;4012:7415:04 — Projects/Projects / Detail / Overview/main/Frame 3/project-data/latest-activity/recent-sessions/Project / Session Card/feedback-title/session-title/icon,icon,UI / Icon
Instance property,04 — Projects:I4011:6577;4012:7415:UI / Icon,icon style,Icon
Instance property value,04 — Projects:I4011:6577;4012:7415:UI / Icon/Icon,left-indent-image,Left Indent Image
Node,04 — Projects:I4011:6577;4012:7418:04 — Projects/Projects / Detail / Overview/main/Frame 3/project-data/latest-activity/recent-sessions/Project / Session Card/feedback-title/date-created/icon,icon,UI / Icon
Instance property,04 — Projects:I4011:6577;4012:7418:UI / Icon,icon style,Icon
Instance property value,04 — Projects:I4011:6577;4012:7418:UI / Icon/Icon,icon-time,Time
Node,04 — Projects:I4011:6577;4012:7447:04 — Projects/Projects / Detail / Overview/main/Frame 3/project-data/latest-activity/recent-sessions/Project / Session Card/feedback-title/Frame 1,Frame 1,session-title
Node,04 — Projects:I4011:6577;4012:7448:04 — Projects/Projects / Detail / Overview/main/Frame 3/project-data/latest-activity/recent-sessions/Project / Session Card/feedback-title/session-title/icon,icon,UI / Icon
Instance property,04 — Projects:I4011:6577;4012:7448:UI / Icon,icon style,Icon
Instance property value,04 — Projects:I4011:6577;4012:7448:UI / Icon/Icon,left-indent-image,Left Indent Image
Node,04 — Projects:I4011:6577;4012:7451:04 — Projects/Projects / Detail / Overview/main/Frame 3/project-data/latest-activity/recent-sessions/Project / Session Card/feedback-title/date-created/icon,icon,UI / Icon
Instance property,04 — Projects:I4011:6577;4012:7451:UI / Icon,icon style,Icon
Instance property value,04 — Projects:I4011:6577;4012:7451:UI / Icon/Icon,icon-time,Time
Node,04 — Projects:93:11503:04 — Projects/Projects / Detail,Projects / Detail,Projects / Detail / Feedback
Node,04 — Projects:2001:3807:04 — Projects/Projects / Detail / Feedback/sidebar/Sidebar / Sidebar,Sidebar / Sidebar,Navigation / Sidebar
Node,04 — Projects:I2001:3807;14:679:04 — Projects/Projects / Detail / Feedback/sidebar/Navigation / Sidebar/Sidebar / Nav Item,Sidebar / Nav Item,Navigation / Item
Instance property,04 — Projects:I2001:3807;14:679:Navigation / Item,state,State
Instance property value,04 — Projects:I2001:3807;14:679:Navigation / Item/State,disabled,Disabled
Instance property,04 — Projects:I2001:3807;14:679:Navigation / Item,size,Size
Instance property value,04 — Projects:I2001:3807;14:679:Navigation / Item/Size,large,Large
Node,04 — Projects:I2001:3807;14:682:04 — Projects/Projects / Detail / Feedback/sidebar/Navigation / Sidebar/Sidebar / Nav Item,Sidebar / Nav Item,Navigation / Item
Instance property,04 — Projects:I2001:3807;14:682:Navigation / Item,state,State
Instance property value,04 — Projects:I2001:3807;14:682:Navigation / Item/State,disabled,Disabled
Instance property,04 — Projects:I2001:3807;14:682:Navigation / Item,size,Size
Instance property value,04 — Projects:I2001:3807;14:682:Navigation / Item/Size,large,Large
Node,04 — Projects:I2001:3807;14:684:04 — Projects/Projects / Detail / Feedback/sidebar/Navigation / Sidebar/Sidebar / Nav Item,Sidebar / Nav Item,Navigation / Item
Instance property,04 — Projects:I2001:3807;14:684:Navigation / Item,state,State
Instance property value,04 — Projects:I2001:3807;14:684:Navigation / Item/State,disabled,Disabled
Instance property,04 — Projects:I2001:3807;14:684:Navigation / Item,size,Size
Instance property value,04 — Projects:I2001:3807;14:684:Navigation / Item/Size,large,Large
Node,04 — Projects:I2001:3807;14:686:04 — Projects/Projects / Detail / Feedback/sidebar/Navigation / Sidebar/Sidebar / Nav Item,Sidebar / Nav Item,Navigation / Item
Instance property,04 — Projects:I2001:3807;14:686:Navigation / Item,state,State
Instance property value,04 — Projects:I2001:3807;14:686:Navigation / Item/State,active,Active
Instance property,04 — Projects:I2001:3807;14:686:Navigation / Item,size,Size
Instance property value,04 — Projects:I2001:3807;14:686:Navigation / Item/Size,large,Large
Node,04 — Projects:I2001:3807;14:688:04 — Projects/Projects / Detail / Feedback/sidebar/Navigation / Sidebar/Sidebar / Nav Item,Sidebar / Nav Item,Navigation / Item
Instance property,04 — Projects:I2001:3807;14:688:Navigation / Item,state,State
Instance property value,04 — Projects:I2001:3807;14:688:Navigation / Item/State,disabled,Disabled
Instance property,04 — Projects:I2001:3807;14:688:Navigation / Item,size,Size
Instance property value,04 — Projects:I2001:3807;14:688:Navigation / Item/Size,large,Large
Node,04 — Projects:I2001:3807;14:697:04 — Projects/Projects / Detail / Feedback/sidebar/Navigation / Sidebar/Sidebar / Nav Item,Sidebar / Nav Item,Navigation / Item
Instance property,04 — Projects:I2001:3807;14:697:Navigation / Item,state,State
Instance property value,04 — Projects:I2001:3807;14:697:Navigation / Item/State,disabled,Disabled
Instance property,04 — Projects:I2001:3807;14:697:Navigation / Item,size,Size
Instance property value,04 — Projects:I2001:3807;14:697:Navigation / Item/Size,large,Large
Instance property value,04 — Projects:93:11507:topbar/Module,top bar with link,Top Bar with Link
Node,04 — Projects:I93:11507;73:1074:04 — Projects/Projects / Detail / Feedback/main/topbar/Button,Button,UI / Button
Node,04 — Projects:I93:11507;73:1074;72:653:04 — Projects/Projects / Detail / Feedback/main/topbar/UI / Button/icon,icon,UI / Icon
Instance property,04 — Projects:I93:11507;73:1074;72:653:UI / Icon,icon style,Icon
Instance property value,04 — Projects:I93:11507;73:1074;72:653:UI / Icon/Icon,arrow-left,Arrow Left
Node,04 — Projects:I93:11507;4010:4273:04 — Projects/Projects / Detail / Feedback/main/topbar/Model Bar,Model Bar,UI / Model Bar
Instance property value,04 — Projects:I93:11507;4010:4273;73:1125:UI / Status Badge/Status,active,Active
Node,04 — Projects:93:11508:04 — Projects/Projects / Detail / Feedback/main/Headers / Headers,Headers / Headers,UI / Header
Instance property,04 — Projects:93:11508:UI / Header,type,Type
Instance property value,04 — Projects:93:11508:UI / Header/Type,Header full toolbar,Header Full Toolbar
Node,04 — Projects:I93:11508;4007:4453;93:8832:04 — Projects/Projects / Detail / Feedback/main/UI / Header/Project / Toolbar/toolbar-actions/Project / Toolbar,Project / Toolbar,Project / Toolbar Action
Instance property,04 — Projects:I93:11508;4007:4453;93:8832:Project / Toolbar Action,state,State
Instance property,04 — Projects:I93:11508;4007:4453;93:8832:Project / Toolbar Action,Icon Type,Icon
Node,04 — Projects:I93:11508;4007:4453;93:8687:04 — Projects/Projects / Detail / Feedback/main/UI / Header/Project / Toolbar/toolbar-actions/Project / Toolbar,Project / Toolbar,Project / Toolbar Action
Instance property,04 — Projects:I93:11508;4007:4453;93:8687:Project / Toolbar Action,state,State
Instance property,04 — Projects:I93:11508;4007:4453;93:8687:Project / Toolbar Action,Icon Type,Icon
Node,04 — Projects:I93:11508;4007:4453;93:8688:04 — Projects/Projects / Detail / Feedback/main/UI / Header/Project / Toolbar/toolbar-actions/Project / Toolbar,Project / Toolbar,Project / Toolbar Action
Instance property,04 — Projects:I93:11508;4007:4453;93:8688:Project / Toolbar Action,state,State
Instance property,04 — Projects:I93:11508;4007:4453;93:8688:Project / Toolbar Action,Icon Type,Icon
Instance property value,04 — Projects:I93:11508;4007:4453;93:8688:Project / Toolbar Action/Icon,Reresh,Refresh
Node,04 — Projects:4011:5580:04 — Projects/Projects / Detail / Feedback/main/Tab / Tab Navigation,Tab / Tab Navigation,Navigation / Tabs
Node,04 — Projects:I4011:5580;31:1214:04 — Projects/Projects / Detail / Feedback/main/Navigation / Tabs/Tab / Buttons,Tab / Buttons,Navigation / Tab
Instance property,04 — Projects:I4011:5580;31:1214:Navigation / Tab,state,State
Instance property value,04 — Projects:I4011:5580;31:1214:Navigation / Tab/State,disabled,Disabled
Node,04 — Projects:I4011:5580;31:1217:04 — Projects/Projects / Detail / Feedback/main/Navigation / Tabs/Tab / Buttons,Tab / Buttons,Navigation / Tab
Instance property,04 — Projects:I4011:5580;31:1217:Navigation / Tab,state,State
Instance property value,04 — Projects:I4011:5580;31:1217:Navigation / Tab/State,active,Active
Node,04 — Projects:I4011:5580;80:4627:04 — Projects/Projects / Detail / Feedback/main/Navigation / Tabs/Tab / Buttons,Tab / Buttons,Navigation / Tab
Instance property,04 — Projects:I4011:5580;80:4627:Navigation / Tab,state,State
Instance property value,04 — Projects:I4011:5580;80:4627:Navigation / Tab/State,disabled,Disabled
Node,04 — Projects:I4011:5580;4011:5690:04 — Projects/Projects / Detail / Feedback/main/Navigation / Tabs/Tab / Buttons,Tab / Buttons,Navigation / Tab
Instance property,04 — Projects:I4011:5580;4011:5690:Navigation / Tab,state,State
Instance property value,04 — Projects:I4011:5580;4011:5690:Navigation / Tab/State,disabled,Disabled
Instance property,04 — Projects:93:11522:grid-item,state,State
Instance property value,04 — Projects:93:11522:grid-item/State,default,Default
Instance property,04 — Projects:93:11523:grid-item,state,State
Instance property value,04 — Projects:93:11523:grid-item/State,hover,Hover
Node,04 — Projects:I93:11523;93:8483:04 — Projects/Projects / Detail / Feedback/main/project-data/feedback-grid/grid-item/icon,icon,UI / Icon
Instance property,04 — Projects:I93:11523;93:8483:UI / Icon,icon style,Icon
Instance property value,04 — Projects:I93:11523;93:8483:UI / Icon/Icon,view,View
Instance property,04 — Projects:93:11524:grid-item,state,State
Instance property value,04 — Projects:93:11524:grid-item/State,active,Active
Instance property,04 — Projects:93:11525:grid-item,state,State
Instance property value,04 — Projects:93:11525:grid-item/State,default,Default
Instance property,04 — Projects:93:11526:grid-item,state,State
Instance property value,04 — Projects:93:11526:grid-item/State,default,Default
Instance property,04 — Projects:93:11527:grid-item,state,State
Instance property value,04 — Projects:93:11527:grid-item/State,default,Default
Instance property,04 — Projects:93:11528:grid-item,state,State
Instance property value,04 — Projects:93:11528:grid-item/State,default,Default
Instance property,04 — Projects:93:11529:grid-item,state,State
Instance property value,04 — Projects:93:11529:grid-item/State,default,Default
Instance property,04 — Projects:93:11530:grid-item,state,State
Instance property value,04 — Projects:93:11530:grid-item/State,default,Default
Instance property,04 — Projects:93:11531:grid-item,state,State
Instance property value,04 — Projects:93:11531:grid-item/State,default,Default
Instance property,04 — Projects:93:11532:grid-item,state,State
Instance property value,04 — Projects:93:11532:grid-item/State,default,Default
Instance property,04 — Projects:93:11533:grid-item,state,State
Instance property value,04 — Projects:93:11533:grid-item/State,default,Default
Instance property,04 — Projects:93:11534:grid-item,state,State
Instance property value,04 — Projects:93:11534:grid-item/State,default,Default
Instance property,04 — Projects:93:11535:grid-item,state,State
Instance property value,04 — Projects:93:11535:grid-item/State,default,Default
Instance property,04 — Projects:93:11536:grid-item,state,State
Instance property value,04 — Projects:93:11536:grid-item/State,default,Default
Instance property,04 — Projects:93:11537:grid-item,state,State
Instance property value,04 — Projects:93:11537:grid-item/State,default,Default
Instance property,04 — Projects:93:11538:grid-item,state,State
Instance property value,04 — Projects:93:11538:grid-item/State,default,Default
Instance property,04 — Projects:93:11539:grid-item,state,State
Instance property value,04 — Projects:93:11539:grid-item/State,default,Default
Instance property,04 — Projects:93:11540:grid-item,state,State
Instance property value,04 — Projects:93:11540:grid-item/State,default,Default
Instance property,04 — Projects:93:11541:grid-item,state,State
Instance property value,04 — Projects:93:11541:grid-item/State,default,Default
Instance property,04 — Projects:93:11542:grid-item,state,State
Instance property value,04 — Projects:93:11542:grid-item/State,default,Default
Instance property,04 — Projects:93:11543:grid-item,state,State
Instance property value,04 — Projects:93:11543:grid-item/State,default,Default
Instance property,04 — Projects:93:11544:grid-item,state,State
Instance property value,04 — Projects:93:11544:grid-item/State,default,Default
Instance property,04 — Projects:93:11545:grid-item,state,State
Instance property value,04 — Projects:93:11545:grid-item/State,default,Default
Instance property,04 — Projects:93:11546:grid-item,state,State
Instance property value,04 — Projects:93:11546:grid-item/State,default,Default
Instance property,04 — Projects:93:11547:grid-item,state,State
Instance property value,04 — Projects:93:11547:grid-item/State,default,Default
Instance property,04 — Projects:93:11548:grid-item,state,State
Instance property value,04 — Projects:93:11548:grid-item/State,default,Default
Instance property,04 — Projects:93:11549:grid-item,state,State
Instance property value,04 — Projects:93:11549:grid-item/State,default,Default
Instance property,04 — Projects:93:11550:grid-item,state,State
Instance property value,04 — Projects:93:11550:grid-item/State,default,Default
Instance property,04 — Projects:93:11551:grid-item,state,State
Instance property value,04 — Projects:93:11551:grid-item/State,default,Default
Instance property,04 — Projects:93:11552:grid-item,state,State
Instance property value,04 — Projects:93:11552:grid-item/State,default,Default
Instance property,04 — Projects:93:11553:grid-item,state,State
Instance property value,04 — Projects:93:11553:grid-item/State,default,Default
Instance property,04 — Projects:93:11554:grid-item,state,State
Instance property value,04 — Projects:93:11554:grid-item/State,default,Default
Instance property,04 — Projects:93:11555:grid-item,state,State
Instance property value,04 — Projects:93:11555:grid-item/State,default,Default
Instance property,04 — Projects:93:11556:grid-item,state,State
Instance property value,04 — Projects:93:11556:grid-item/State,default,Default
Instance property,04 — Projects:93:11557:grid-item,state,State
Instance property value,04 — Projects:93:11557:grid-item/State,default,Default
Instance property,04 — Projects:93:11558:grid-item,state,State
Instance property value,04 — Projects:93:11558:grid-item/State,default,Default
Instance property,04 — Projects:93:11559:grid-item,state,State
Instance property value,04 — Projects:93:11559:grid-item/State,default,Default
Instance property,04 — Projects:93:11560:grid-item,state,State
Instance property value,04 — Projects:93:11560:grid-item/State,default,Default
Instance property,04 — Projects:93:11561:grid-item,state,State
Instance property value,04 — Projects:93:11561:grid-item/State,default,Default
Instance property,04 — Projects:93:11562:grid-item,state,State
Instance property value,04 — Projects:93:11562:grid-item/State,default,Default
Instance property,04 — Projects:93:11563:grid-item,state,State
Instance property value,04 — Projects:93:11563:grid-item/State,default,Default
Instance property,04 — Projects:93:11564:grid-item,state,State
Instance property value,04 — Projects:93:11564:grid-item/State,default,Default
Instance property,04 — Projects:93:11565:grid-item,state,State
Instance property value,04 — Projects:93:11565:grid-item/State,default,Default
Instance property,04 — Projects:93:11566:grid-item,state,State
Instance property value,04 — Projects:93:11566:grid-item/State,default,Default
Instance property,04 — Projects:93:11567:grid-item,state,State
Instance property value,04 — Projects:93:11567:grid-item/State,default,Default
Instance property,04 — Projects:93:11568:grid-item,state,State
Instance property value,04 — Projects:93:11568:grid-item/State,default,Default
Instance property,04 — Projects:93:11569:grid-item,state,State
Instance property value,04 — Projects:93:11569:grid-item/State,default,Default
Instance property,04 — Projects:93:11570:grid-item,state,State
Instance property value,04 — Projects:93:11570:grid-item/State,default,Default
Instance property,04 — Projects:93:11571:grid-item,state,State
Instance property value,04 — Projects:93:11571:grid-item/State,default,Default
Instance property,04 — Projects:93:11572:grid-item,state,State
Instance property value,04 — Projects:93:11572:grid-item/State,default,Default
Instance property,04 — Projects:93:11573:grid-item,state,State
Instance property value,04 — Projects:93:11573:grid-item/State,default,Default
Instance property,04 — Projects:93:11574:grid-item,state,State
Instance property value,04 — Projects:93:11574:grid-item/State,default,Default
Instance property,04 — Projects:93:11575:grid-item,state,State
Instance property value,04 — Projects:93:11575:grid-item/State,default,Default
Instance property,04 — Projects:93:11576:grid-item,state,State
Instance property value,04 — Projects:93:11576:grid-item/State,default,Default
Instance property,04 — Projects:93:11577:grid-item,state,State
Instance property value,04 — Projects:93:11577:grid-item/State,default,Default
Instance property,04 — Projects:93:11578:grid-item,state,State
Instance property value,04 — Projects:93:11578:grid-item/State,default,Default
Node,05 — Feedback / Detail:4012:7577:05 — Feedback / Detail/Feedback / Detail/sidebar/Sidebar / Sidebar,Sidebar / Sidebar,Navigation / Sidebar
Node,05 — Feedback / Detail:I4012:7577;14:679:05 — Feedback / Detail/Feedback / Detail/sidebar/Navigation / Sidebar/Sidebar / Nav Item,Sidebar / Nav Item,Navigation / Item
Instance property,05 — Feedback / Detail:I4012:7577;14:679:Navigation / Item,state,State
Instance property value,05 — Feedback / Detail:I4012:7577;14:679:Navigation / Item/State,disabled,Disabled
Instance property,05 — Feedback / Detail:I4012:7577;14:679:Navigation / Item,size,Size
Instance property value,05 — Feedback / Detail:I4012:7577;14:679:Navigation / Item/Size,large,Large
Node,05 — Feedback / Detail:I4012:7577;14:682:05 — Feedback / Detail/Feedback / Detail/sidebar/Navigation / Sidebar/Sidebar / Nav Item,Sidebar / Nav Item,Navigation / Item
Instance property,05 — Feedback / Detail:I4012:7577;14:682:Navigation / Item,state,State
Instance property value,05 — Feedback / Detail:I4012:7577;14:682:Navigation / Item/State,disabled,Disabled
Instance property,05 — Feedback / Detail:I4012:7577;14:682:Navigation / Item,size,Size
Instance property value,05 — Feedback / Detail:I4012:7577;14:682:Navigation / Item/Size,large,Large
Node,05 — Feedback / Detail:I4012:7577;14:684:05 — Feedback / Detail/Feedback / Detail/sidebar/Navigation / Sidebar/Sidebar / Nav Item,Sidebar / Nav Item,Navigation / Item
Instance property,05 — Feedback / Detail:I4012:7577;14:684:Navigation / Item,state,State
Instance property value,05 — Feedback / Detail:I4012:7577;14:684:Navigation / Item/State,active,Active
Instance property,05 — Feedback / Detail:I4012:7577;14:684:Navigation / Item,size,Size
Instance property value,05 — Feedback / Detail:I4012:7577;14:684:Navigation / Item/Size,large,Large
Node,05 — Feedback / Detail:I4012:7577;14:686:05 — Feedback / Detail/Feedback / Detail/sidebar/Navigation / Sidebar/Sidebar / Nav Item,Sidebar / Nav Item,Navigation / Item
Instance property,05 — Feedback / Detail:I4012:7577;14:686:Navigation / Item,state,State
Instance property value,05 — Feedback / Detail:I4012:7577;14:686:Navigation / Item/State,disabled,Disabled
Instance property,05 — Feedback / Detail:I4012:7577;14:686:Navigation / Item,size,Size
Instance property value,05 — Feedback / Detail:I4012:7577;14:686:Navigation / Item/Size,large,Large
Node,05 — Feedback / Detail:I4012:7577;14:688:05 — Feedback / Detail/Feedback / Detail/sidebar/Navigation / Sidebar/Sidebar / Nav Item,Sidebar / Nav Item,Navigation / Item
Instance property,05 — Feedback / Detail:I4012:7577;14:688:Navigation / Item,state,State
Instance property value,05 — Feedback / Detail:I4012:7577;14:688:Navigation / Item/State,disabled,Disabled
Instance property,05 — Feedback / Detail:I4012:7577;14:688:Navigation / Item,size,Size
Instance property value,05 — Feedback / Detail:I4012:7577;14:688:Navigation / Item/Size,large,Large
Node,05 — Feedback / Detail:I4012:7577;14:697:05 — Feedback / Detail/Feedback / Detail/sidebar/Navigation / Sidebar/Sidebar / Nav Item,Sidebar / Nav Item,Navigation / Item
Instance property,05 — Feedback / Detail:I4012:7577;14:697:Navigation / Item,state,State
Instance property value,05 — Feedback / Detail:I4012:7577;14:697:Navigation / Item/State,disabled,Disabled
Instance property,05 — Feedback / Detail:I4012:7577;14:697:Navigation / Item,size,Size
Instance property value,05 — Feedback / Detail:I4012:7577;14:697:Navigation / Item/Size,large,Large
Instance property value,05 — Feedback / Detail:4012:7580:topbar/Module,top bar with link,Top Bar with Link
Node,05 — Feedback / Detail:I4012:7580;73:1074:05 — Feedback / Detail/Feedback / Detail/main/feedback-content/topbar/Button,Button,UI / Button
Node,05 — Feedback / Detail:I4012:7580;73:1074;72:653:05 — Feedback / Detail/Feedback / Detail/main/feedback-content/topbar/UI / Button/icon,icon,UI / Icon
Instance property,05 — Feedback / Detail:I4012:7580;73:1074;72:653:UI / Icon,icon style,Icon
Instance property value,05 — Feedback / Detail:I4012:7580;73:1074;72:653:UI / Icon/Icon,arrow-left,Arrow Left
Node,05 — Feedback / Detail:I4012:7580;4010:4273:05 — Feedback / Detail/Feedback / Detail/main/feedback-content/topbar/Model Bar,Model Bar,UI / Model Bar
Instance property value,05 — Feedback / Detail:I4012:7580;4010:4273;73:1125:UI / Status Badge/Status,active,Active
Instance property,05 — Feedback / Detail:4012:7581:header,type,Type
Instance property value,05 — Feedback / Detail:4012:7581:header/Type,Header full toolbar,Header Full Toolbar
Node,05 — Feedback / Detail:I4012:7581;4007:4453;93:8832:05 — Feedback / Detail/Feedback / Detail/main/feedback-content/header/Project / Toolbar/toolbar-actions/Project / Toolbar,Project / Toolbar,Project / Toolbar Action
Instance property,05 — Feedback / Detail:I4012:7581;4007:4453;93:8832:Project / Toolbar Action,state,State
Instance property,05 — Feedback / Detail:I4012:7581;4007:4453;93:8832:Project / Toolbar Action,Icon Type,Icon
Node,05 — Feedback / Detail:I4012:7581;4007:4453;93:8687:05 — Feedback / Detail/Feedback / Detail/main/feedback-content/header/Project / Toolbar/toolbar-actions/Project / Toolbar,Project / Toolbar,Project / Toolbar Action
Instance property,05 — Feedback / Detail:I4012:7581;4007:4453;93:8687:Project / Toolbar Action,state,State
Instance property,05 — Feedback / Detail:I4012:7581;4007:4453;93:8687:Project / Toolbar Action,Icon Type,Icon
Node,05 — Feedback / Detail:I4012:7581;4007:4453;93:8688:05 — Feedback / Detail/Feedback / Detail/main/feedback-content/header/Project / Toolbar/toolbar-actions/Project / Toolbar,Project / Toolbar,Project / Toolbar Action
Instance property,05 — Feedback / Detail:I4012:7581;4007:4453;93:8688:Project / Toolbar Action,state,State
Instance property,05 — Feedback / Detail:I4012:7581;4007:4453;93:8688:Project / Toolbar Action,Icon Type,Icon
Instance property value,05 — Feedback / Detail:I4012:7581;4007:4453;93:8688:Project / Toolbar Action/Icon,Reresh,Refresh
Node,05 — Feedback / Detail:4012:7582:05 — Feedback / Detail/Feedback / Detail/main/feedback-content/Status Bar,Status Bar,UI / Status Bar
Node,05 — Feedback / Detail:4012:7583:05 — Feedback / Detail/Feedback / Detail/main/feedback-content/section-imprint,section-imprint,feedback-panel
Node,05 — Feedback / Detail:I4012:7583;4007:4392:05 — Feedback / Detail/Feedback / Detail/main/feedback-content/feedback-panel/content-left/Director / File Box,Director / File Box,Feedback / File
Node,05 — Feedback / Detail:I4012:7583;4013:2583:05 — Feedback / Detail/Feedback / Detail/main/feedback-content/feedback-panel/content-left/feedback-meta/meta-box/Headers / Section Title,Headers / Section Title,UI / Section Title
Node,05 — Feedback / Detail:I4012:7583;4013:2583;4013:2571:05 — Feedback / Detail/Feedback / Detail/main/feedback-content/feedback-panel/content-left/feedback-meta/meta-box/UI / Section Title/Dividers / Horizontal,Dividers / Horizontal,UI / Divider / Horizontal
Node,05 — Feedback / Detail:I4012:7583;4013:2552:05 — Feedback / Detail/Feedback / Detail/main/feedback-content/feedback-panel/content-left/feedback-meta/meta-box/date-created/icon,icon,UI / Icon
Instance property,05 — Feedback / Detail:I4012:7583;4013:2552:UI / Icon,icon style,Icon
Instance property value,05 — Feedback / Detail:I4012:7583;4013:2552:UI / Icon/Icon,icon-time,Time
Node,05 — Feedback / Detail:I4012:7583;4013:2695:05 — Feedback / Detail/Feedback / Detail/main/feedback-content/feedback-panel/content-left/feedback-meta/meta-box/Headers / Section Title,Headers / Section Title,UI / Section Title
Node,05 — Feedback / Detail:I4012:7583;4013:2695;4013:2571:05 — Feedback / Detail/Feedback / Detail/main/feedback-content/feedback-panel/content-left/feedback-meta/meta-box/UI / Section Title/Dividers / Horizontal,Dividers / Horizontal,UI / Divider / Horizontal
Node,05 — Feedback / Detail:I4012:7583;4013:2727:05 — Feedback / Detail/Feedback / Detail/main/feedback-content/feedback-panel/content-left/feedback-meta/meta-box/Badges / Category,Badges / Category,UI / Category Badge
Node,05 — Feedback / Detail:I4012:7583;4013:2727;4009:3503:05 — Feedback / Detail/Feedback / Detail/main/feedback-content/feedback-panel/content-left/feedback-meta/meta-box/UI / Category Badge/Label Alternative / Xxtra Small 9.6px,Label Alternative / Xxtra Small 9.6px,Label Alternative / Extra Small 9.6px
Node,05 — Feedback / Detail:I4012:7583;4013:2738:05 — Feedback / Detail/Feedback / Detail/main/feedback-content/feedback-panel/content-left/feedback-meta/meta-box/Headers / Section Title,Headers / Section Title,UI / Section Title
Node,05 — Feedback / Detail:I4012:7583;4013:2738;4013:2571:05 — Feedback / Detail/Feedback / Detail/main/feedback-content/feedback-panel/content-left/feedback-meta/meta-box/UI / Section Title/Dividers / Horizontal,Dividers / Horizontal,UI / Divider / Horizontal
Node,05 — Feedback / Detail:I4012:7583;4013:2787:05 — Feedback / Detail/Feedback / Detail/main/feedback-content/feedback-panel/content-left/feedback-meta/meta-box/Headers / Section Title,Headers / Section Title,UI / Section Title
Node,05 — Feedback / Detail:I4012:7583;4013:2787;4013:2571:05 — Feedback / Detail/Feedback / Detail/main/feedback-content/feedback-panel/content-left/feedback-meta/meta-box/UI / Section Title/Dividers / Horizontal,Dividers / Horizontal,UI / Divider / Horizontal
Node,05 — Feedback / Detail:I4012:7583;4013:2821:05 — Feedback / Detail/Feedback / Detail/main/feedback-content/feedback-panel/content-left/feedback-meta/meta-box/Headers / Section Title,Headers / Section Title,UI / Section Title
Node,05 — Feedback / Detail:I4012:7583;4013:2821;4013:2571:05 — Feedback / Detail/Feedback / Detail/main/feedback-content/feedback-panel/content-left/feedback-meta/meta-box/UI / Section Title/Dividers / Horizontal,Dividers / Horizontal,UI / Divider / Horizontal
Instance property,05 — Feedback / Detail:I4012:7583;4013:2844:prompt-selector,form,Type
Instance property value,05 — Feedback / Detail:I4012:7583;4013:2844:prompt-selector/Type,selector,Selector
Node,05 — Feedback / Detail:I4012:7583;4013:2844;73:1190:05 — Feedback / Detail/Feedback / Detail/main/feedback-content/feedback-panel/content-left/feedback-meta/meta-box/prompt-selector/icon,icon,UI / Icon
Instance property,05 — Feedback / Detail:I4012:7583;4013:2844;73:1190:UI / Icon,icon style,Icon
Instance property value,05 — Feedback / Detail:I4012:7583;4013:2844;73:1190:UI / Icon/Icon,chevron-down,Chevron Down
Instance property,05 — Feedback / Detail:I4012:7583;4007:4407:Form / Field,form,Type
Instance property value,05 — Feedback / Detail:I4012:7583;4007:4407:Form / Field/Type,textarea-skyline,Textarea Skyline
Instance property,05 — Feedback / Detail:I4012:7584;48:822;73:1465:Chat / Toolbar,Icon Type,Icon
Instance property,05 — Feedback / Detail:I4012:7584;48:822;73:1466:Chat / Toolbar,Icon Type,Icon
Instance property,05 — Feedback / Detail:I4012:7584;48:822;73:1467:Chat / Toolbar,Icon Type,Icon
Instance property value,05 — Feedback / Detail:I4012:7584;48:822;73:1467:Chat / Toolbar/Icon,Reresh,Refresh
Instance property,05 — Feedback / Detail:I4012:7584;48:822;73:1499:Chat / Toolbar,Icon Type,Icon
Instance property,05 — Feedback / Detail:I4012:7584;48:822;73:1500:Chat / Toolbar,Icon Type,Icon
Instance property,05 — Feedback / Detail:I4012:7584;48:822;73:1501:Chat / Toolbar,Icon Type,Icon
Instance property value,05 — Feedback / Detail:I4012:7584;48:822;73:1501:Chat / Toolbar/Icon,Reresh,Refresh
Instance property,05 — Feedback / Detail:I4012:7584;4002:1699;4002:1572:add-files,icon style,Icon
Instance property value,05 — Feedback / Detail:I4012:7584;4002:1699;4002:1572:add-files/Icon,plus,Plus
Node,05 — Feedback / Detail:I4012:7584;4002:1699;4002:1574;73:1550:05 — Feedback / Detail/Feedback / Detail/main/prompt-section/Prompt / Editor/prompt-textarea-group/prompt-metadata-bar/Prompt / Model Selector/icon,icon,UI / Icon
Instance property,05 — Feedback / Detail:I4012:7584;4002:1699;4002:1574;73:1550:UI / Icon,icon style,Icon
Instance property value,05 — Feedback / Detail:I4012:7584;4002:1699;4002:1574;73:1550:UI / Icon/Icon,chevron-down,Chevron Down
Instance property,05 — Feedback / Detail:I4012:7584;4002:1699;4002:1694:enter-button,state,State
Node,05 — Feedback / Detail:I4012:7584;4002:1699;4002:1694;73:1199:05 — Feedback / Detail/Feedback / Detail/main/prompt-section/Prompt / Editor/prompt-textarea-group/prompt-metadata-bar/enter-button/icon,icon,UI / Icon
Instance property,05 — Feedback / Detail:I4012:7584;4002:1699;4002:1694;73:1199:UI / Icon,icon style,Icon
Instance property value,05 — Feedback / Detail:I4012:7584;4002:1699;4002:1694;73:1199:UI / Icon/Icon,arrow-up,Arrow Up
Node,05 — Feedback / Detail:4012:7586:05 — Feedback / Detail/Feedback / Detail/main/save-button/Button,Button,UI / Button
Node,07 — Prompts:2001:3501:07 — Prompts/Prompts / All/sidebar/Sidebar / Sidebar,Sidebar / Sidebar,Navigation / Sidebar
Node,07 — Prompts:I2001:3501;14:679:07 — Prompts/Prompts / All/sidebar/Navigation / Sidebar/Sidebar / Nav Item,Sidebar / Nav Item,Navigation / Item
Instance property,07 — Prompts:I2001:3501;14:679:Navigation / Item,state,State
Instance property value,07 — Prompts:I2001:3501;14:679:Navigation / Item/State,disabled,Disabled
Instance property,07 — Prompts:I2001:3501;14:679:Navigation / Item,size,Size
Instance property value,07 — Prompts:I2001:3501;14:679:Navigation / Item/Size,large,Large
Node,07 — Prompts:I2001:3501;14:682:07 — Prompts/Prompts / All/sidebar/Navigation / Sidebar/Sidebar / Nav Item,Sidebar / Nav Item,Navigation / Item
Instance property,07 — Prompts:I2001:3501;14:682:Navigation / Item,state,State
Instance property value,07 — Prompts:I2001:3501;14:682:Navigation / Item/State,disabled,Disabled
Instance property,07 — Prompts:I2001:3501;14:682:Navigation / Item,size,Size
Instance property value,07 — Prompts:I2001:3501;14:682:Navigation / Item/Size,large,Large
Node,07 — Prompts:I2001:3501;14:684:07 — Prompts/Prompts / All/sidebar/Navigation / Sidebar/Sidebar / Nav Item,Sidebar / Nav Item,Navigation / Item
Instance property,07 — Prompts:I2001:3501;14:684:Navigation / Item,state,State
Instance property value,07 — Prompts:I2001:3501;14:684:Navigation / Item/State,disabled,Disabled
Instance property,07 — Prompts:I2001:3501;14:684:Navigation / Item,size,Size
Instance property value,07 — Prompts:I2001:3501;14:684:Navigation / Item/Size,large,Large
Node,07 — Prompts:I2001:3501;14:686:07 — Prompts/Prompts / All/sidebar/Navigation / Sidebar/Sidebar / Nav Item,Sidebar / Nav Item,Navigation / Item
Instance property,07 — Prompts:I2001:3501;14:686:Navigation / Item,state,State
Instance property value,07 — Prompts:I2001:3501;14:686:Navigation / Item/State,disabled,Disabled
Instance property,07 — Prompts:I2001:3501;14:686:Navigation / Item,size,Size
Instance property value,07 — Prompts:I2001:3501;14:686:Navigation / Item/Size,large,Large
Node,07 — Prompts:I2001:3501;14:688:07 — Prompts/Prompts / All/sidebar/Navigation / Sidebar/Sidebar / Nav Item,Sidebar / Nav Item,Navigation / Item
Instance property,07 — Prompts:I2001:3501;14:688:Navigation / Item,state,State
Instance property value,07 — Prompts:I2001:3501;14:688:Navigation / Item/State,active,Active
Instance property,07 — Prompts:I2001:3501;14:688:Navigation / Item,size,Size
Instance property value,07 — Prompts:I2001:3501;14:688:Navigation / Item/Size,large,Large
Node,07 — Prompts:I2001:3501;14:697:07 — Prompts/Prompts / All/sidebar/Navigation / Sidebar/Sidebar / Nav Item,Sidebar / Nav Item,Navigation / Item
Instance property,07 — Prompts:I2001:3501;14:697:Navigation / Item,state,State
Instance property value,07 — Prompts:I2001:3501;14:697:Navigation / Item/State,disabled,Disabled
Instance property,07 — Prompts:I2001:3501;14:697:Navigation / Item,size,Size
Instance property value,07 — Prompts:I2001:3501;14:697:Navigation / Item/Size,large,Large
Instance property value,07 — Prompts:2001:3503:topbar/Module,model only,Model Only
Node,07 — Prompts:I2001:3503;4010:4232:07 — Prompts/Prompts / All/main/topbar/Model Bar,Model Bar,UI / Model Bar
Instance property value,07 — Prompts:I2001:3503;4010:4232;73:1125:UI / Status Badge/Status,active,Active
Node,07 — Prompts:2001:3504:07 — Prompts/Prompts / All/main/Headers / Headers,Headers / Headers,UI / Header
Instance property,07 — Prompts:2001:3504:UI / Header,type,Type
Instance property value,07 — Prompts:2001:3504:UI / Header/Type,Header full toolbar,Header Full Toolbar
Node,07 — Prompts:I2001:3504;4007:4452:07 — Prompts/Prompts / All/main/UI / Header/Project -toolbar,Project -toolbar,project-toolbar
Node,07 — Prompts:I2001:3504;4007:4132:07 — Prompts/Prompts / All/main/UI / Header/project-toolbar/Button,Button,UI / Button
Instance property,07 — Prompts:I4013:3535;4013:3519:Form / Field,form,Type
Instance property value,07 — Prompts:I4013:3535;4013:3519:Form / Field/Type,input,Input
Instance property,07 — Prompts:I4013:3535;4013:3526:Form / Field,form,Type
Instance property value,07 — Prompts:I4013:3535;4013:3526:Form / Field/Type,input,Input
Node,07 — Prompts:I4013:3535;4013:4082:07 — Prompts/Prompts / All/main/prompt-grid/search-bar/Label/icon,icon,UI / Icon
Instance property,07 — Prompts:I4013:3535;4013:4082:UI / Icon,icon style,Icon
Node,07 — Prompts:2001:3506:07 — Prompts/Prompts / All/main/prompt-grid/prompt-data/Button,Button,UI / Button
Node,07 — Prompts:4013:3176:07 — Prompts/Prompts / All/main/prompt-grid/prompt-data/prompt-grid/Cards / Card with toolbar,Cards / Card with toolbar,UI / Card with Toolbar
Node,07 — Prompts:I4013:3176;4013:3113:07 — Prompts/Prompts / All/main/prompt-grid/prompt-data/prompt-grid/UI / Card with Toolbar/toolbar/Badges / Category,Badges / Category,UI / Category Badge
Node,07 — Prompts:I4013:3176;4013:3113;4009:3503:07 — Prompts/Prompts / All/main/prompt-grid/prompt-data/prompt-grid/UI / Card with Toolbar/toolbar/UI / Category Badge/Label Alternative / Xxtra Small 9.6px,Label Alternative / Xxtra Small 9.6px,Label Alternative / Extra Small 9.6px
Node,07 — Prompts:I4013:3176;4013:3114:07 — Prompts/Prompts / All/main/prompt-grid/prompt-data/prompt-grid/UI / Card with Toolbar/toolbar/Badges / Category,Badges / Category,UI / Category Badge
Node,07 — Prompts:I4013:3176;4013:3114;4009:3500:07 — Prompts/Prompts / All/main/prompt-grid/prompt-data/prompt-grid/UI / Card with Toolbar/toolbar/UI / Category Badge/Label Alternative / Xxtra Small 9.6px,Label Alternative / Xxtra Small 9.6px,Label Alternative / Extra Small 9.6px
Node,07 — Prompts:I4013:3176;4013:3144:07 — Prompts/Prompts / All/main/prompt-grid/prompt-data/prompt-grid/UI / Card with Toolbar/toolbar/toolbar-actions/Project / Toolbar,Project / Toolbar,Project / Toolbar Action
Instance property,07 — Prompts:I4013:3176;4013:3144:Project / Toolbar Action,state,State
Instance property,07 — Prompts:I4013:3176;4013:3144:Project / Toolbar Action,Icon Type,Icon
Node,07 — Prompts:I4013:3176;4013:3145:07 — Prompts/Prompts / All/main/prompt-grid/prompt-data/prompt-grid/UI / Card with Toolbar/toolbar/toolbar-actions/icon,icon,UI / Icon
Instance property,07 — Prompts:I4013:3176;4013:3145:UI / Icon,icon style,Icon
Instance property value,07 — Prompts:I4013:3176;4013:3145:UI / Icon/Icon,copy,Copy
Node,07 — Prompts:I4013:3176;4013:3146:07 — Prompts/Prompts / All/main/prompt-grid/prompt-data/prompt-grid/UI / Card with Toolbar/toolbar/toolbar-actions/Project / Toolbar,Project / Toolbar,Project / Toolbar Action
Instance property,07 — Prompts:I4013:3176;4013:3146:Project / Toolbar Action,state,State
Instance property,07 — Prompts:I4013:3176;4013:3146:Project / Toolbar Action,Icon Type,Icon
Instance property value,07 — Prompts:I4013:3176;4013:3146:Project / Toolbar Action/Icon,Reresh,Refresh
Node,07 — Prompts:4013:3199:07 — Prompts/Prompts / All/main/prompt-grid/prompt-data/prompt-grid/Cards / Card with toolbar,Cards / Card with toolbar,UI / Card with Toolbar
Node,07 — Prompts:I4013:3199;4013:3113:07 — Prompts/Prompts / All/main/prompt-grid/prompt-data/prompt-grid/UI / Card with Toolbar/toolbar/Badges / Category,Badges / Category,UI / Category Badge
Node,07 — Prompts:I4013:3199;4013:3113;4009:3503:07 — Prompts/Prompts / All/main/prompt-grid/prompt-data/prompt-grid/UI / Card with Toolbar/toolbar/UI / Category Badge/Label Alternative / Xxtra Small 9.6px,Label Alternative / Xxtra Small 9.6px,Label Alternative / Extra Small 9.6px
Node,07 — Prompts:I4013:3199;4013:3114:07 — Prompts/Prompts / All/main/prompt-grid/prompt-data/prompt-grid/UI / Card with Toolbar/toolbar/Badges / Category,Badges / Category,UI / Category Badge
Node,07 — Prompts:I4013:3199;4013:3114;4009:3500:07 — Prompts/Prompts / All/main/prompt-grid/prompt-data/prompt-grid/UI / Card with Toolbar/toolbar/UI / Category Badge/Label Alternative / Xxtra Small 9.6px,Label Alternative / Xxtra Small 9.6px,Label Alternative / Extra Small 9.6px
Node,07 — Prompts:I4013:3199;4013:3144:07 — Prompts/Prompts / All/main/prompt-grid/prompt-data/prompt-grid/UI / Card with Toolbar/toolbar/toolbar-actions/Project / Toolbar,Project / Toolbar,Project / Toolbar Action
Instance property,07 — Prompts:I4013:3199;4013:3144:Project / Toolbar Action,state,State
Instance property,07 — Prompts:I4013:3199;4013:3144:Project / Toolbar Action,Icon Type,Icon
Node,07 — Prompts:I4013:3199;4013:3145:07 — Prompts/Prompts / All/main/prompt-grid/prompt-data/prompt-grid/UI / Card with Toolbar/toolbar/toolbar-actions/icon,icon,UI / Icon
Instance property,07 — Prompts:I4013:3199;4013:3145:UI / Icon,icon style,Icon
Instance property value,07 — Prompts:I4013:3199;4013:3145:UI / Icon/Icon,copy,Copy
Node,07 — Prompts:I4013:3199;4013:3146:07 — Prompts/Prompts / All/main/prompt-grid/prompt-data/prompt-grid/UI / Card with Toolbar/toolbar/toolbar-actions/Project / Toolbar,Project / Toolbar,Project / Toolbar Action
Instance property,07 — Prompts:I4013:3199;4013:3146:Project / Toolbar Action,state,State
Instance property,07 — Prompts:I4013:3199;4013:3146:Project / Toolbar Action,Icon Type,Icon
Instance property value,07 — Prompts:I4013:3199;4013:3146:Project / Toolbar Action/Icon,Reresh,Refresh
Node,07 — Prompts:4013:3245:07 — Prompts/Prompts / All/main/prompt-grid/prompt-data/prompt-grid/Cards / Card with toolbar,Cards / Card with toolbar,UI / Card with Toolbar
Node,07 — Prompts:I4013:3245;4013:3113:07 — Prompts/Prompts / All/main/prompt-grid/prompt-data/prompt-grid/UI / Card with Toolbar/toolbar/Badges / Category,Badges / Category,UI / Category Badge
Node,07 — Prompts:I4013:3245;4013:3113;4009:3503:07 — Prompts/Prompts / All/main/prompt-grid/prompt-data/prompt-grid/UI / Card with Toolbar/toolbar/UI / Category Badge/Label Alternative / Xxtra Small 9.6px,Label Alternative / Xxtra Small 9.6px,Label Alternative / Extra Small 9.6px
Node,07 — Prompts:I4013:3245;4013:3114:07 — Prompts/Prompts / All/main/prompt-grid/prompt-data/prompt-grid/UI / Card with Toolbar/toolbar/Badges / Category,Badges / Category,UI / Category Badge
Node,07 — Prompts:I4013:3245;4013:3114;4009:3500:07 — Prompts/Prompts / All/main/prompt-grid/prompt-data/prompt-grid/UI / Card with Toolbar/toolbar/UI / Category Badge/Label Alternative / Xxtra Small 9.6px,Label Alternative / Xxtra Small 9.6px,Label Alternative / Extra Small 9.6px
Node,07 — Prompts:I4013:3245;4013:3144:07 — Prompts/Prompts / All/main/prompt-grid/prompt-data/prompt-grid/UI / Card with Toolbar/toolbar/toolbar-actions/Project / Toolbar,Project / Toolbar,Project / Toolbar Action
Instance property,07 — Prompts:I4013:3245;4013:3144:Project / Toolbar Action,state,State
Instance property,07 — Prompts:I4013:3245;4013:3144:Project / Toolbar Action,Icon Type,Icon
Node,07 — Prompts:I4013:3245;4013:3145:07 — Prompts/Prompts / All/main/prompt-grid/prompt-data/prompt-grid/UI / Card with Toolbar/toolbar/toolbar-actions/icon,icon,UI / Icon
Instance property,07 — Prompts:I4013:3245;4013:3145:UI / Icon,icon style,Icon
Instance property value,07 — Prompts:I4013:3245;4013:3145:UI / Icon/Icon,copy,Copy
Node,07 — Prompts:I4013:3245;4013:3146:07 — Prompts/Prompts / All/main/prompt-grid/prompt-data/prompt-grid/UI / Card with Toolbar/toolbar/toolbar-actions/Project / Toolbar,Project / Toolbar,Project / Toolbar Action
Instance property,07 — Prompts:I4013:3245;4013:3146:Project / Toolbar Action,state,State
Instance property,07 — Prompts:I4013:3245;4013:3146:Project / Toolbar Action,Icon Type,Icon
Instance property value,07 — Prompts:I4013:3245;4013:3146:Project / Toolbar Action/Icon,Reresh,Refresh
Node,07 — Prompts:4013:3267:07 — Prompts/Prompts / All/main/prompt-grid/prompt-data/prompt-grid/Cards / Card with toolbar,Cards / Card with toolbar,UI / Card with Toolbar
Node,07 — Prompts:I4013:3267;4013:3113:07 — Prompts/Prompts / All/main/prompt-grid/prompt-data/prompt-grid/UI / Card with Toolbar/toolbar/Badges / Category,Badges / Category,UI / Category Badge
Node,07 — Prompts:I4013:3267;4013:3113;4009:3503:07 — Prompts/Prompts / All/main/prompt-grid/prompt-data/prompt-grid/UI / Card with Toolbar/toolbar/UI / Category Badge/Label Alternative / Xxtra Small 9.6px,Label Alternative / Xxtra Small 9.6px,Label Alternative / Extra Small 9.6px
Node,07 — Prompts:I4013:3267;4013:3114:07 — Prompts/Prompts / All/main/prompt-grid/prompt-data/prompt-grid/UI / Card with Toolbar/toolbar/Badges / Category,Badges / Category,UI / Category Badge
Node,07 — Prompts:I4013:3267;4013:3114;4009:3500:07 — Prompts/Prompts / All/main/prompt-grid/prompt-data/prompt-grid/UI / Card with Toolbar/toolbar/UI / Category Badge/Label Alternative / Xxtra Small 9.6px,Label Alternative / Xxtra Small 9.6px,Label Alternative / Extra Small 9.6px
Node,07 — Prompts:I4013:3267;4013:3144:07 — Prompts/Prompts / All/main/prompt-grid/prompt-data/prompt-grid/UI / Card with Toolbar/toolbar/toolbar-actions/Project / Toolbar,Project / Toolbar,Project / Toolbar Action
Instance property,07 — Prompts:I4013:3267;4013:3144:Project / Toolbar Action,state,State
Instance property,07 — Prompts:I4013:3267;4013:3144:Project / Toolbar Action,Icon Type,Icon
Node,07 — Prompts:I4013:3267;4013:3145:07 — Prompts/Prompts / All/main/prompt-grid/prompt-data/prompt-grid/UI / Card with Toolbar/toolbar/toolbar-actions/icon,icon,UI / Icon
Instance property,07 — Prompts:I4013:3267;4013:3145:UI / Icon,icon style,Icon
Instance property value,07 — Prompts:I4013:3267;4013:3145:UI / Icon/Icon,copy,Copy
Node,07 — Prompts:I4013:3267;4013:3146:07 — Prompts/Prompts / All/main/prompt-grid/prompt-data/prompt-grid/UI / Card with Toolbar/toolbar/toolbar-actions/Project / Toolbar,Project / Toolbar,Project / Toolbar Action
Instance property,07 — Prompts:I4013:3267;4013:3146:Project / Toolbar Action,state,State
Instance property,07 — Prompts:I4013:3267;4013:3146:Project / Toolbar Action,Icon Type,Icon
Instance property value,07 — Prompts:I4013:3267;4013:3146:Project / Toolbar Action/Icon,Reresh,Refresh
Node,07 — Prompts:4013:3289:07 — Prompts/Prompts / All/main/prompt-grid/prompt-data/prompt-grid/Cards / Card with toolbar,Cards / Card with toolbar,UI / Card with Toolbar
Node,07 — Prompts:I4013:3289;4013:3113:07 — Prompts/Prompts / All/main/prompt-grid/prompt-data/prompt-grid/UI / Card with Toolbar/toolbar/Badges / Category,Badges / Category,UI / Category Badge
Node,07 — Prompts:I4013:3289;4013:3113;4009:3503:07 — Prompts/Prompts / All/main/prompt-grid/prompt-data/prompt-grid/UI / Card with Toolbar/toolbar/UI / Category Badge/Label Alternative / Xxtra Small 9.6px,Label Alternative / Xxtra Small 9.6px,Label Alternative / Extra Small 9.6px
Node,07 — Prompts:I4013:3289;4013:3114:07 — Prompts/Prompts / All/main/prompt-grid/prompt-data/prompt-grid/UI / Card with Toolbar/toolbar/Badges / Category,Badges / Category,UI / Category Badge
Node,07 — Prompts:I4013:3289;4013:3114;4009:3500:07 — Prompts/Prompts / All/main/prompt-grid/prompt-data/prompt-grid/UI / Card with Toolbar/toolbar/UI / Category Badge/Label Alternative / Xxtra Small 9.6px,Label Alternative / Xxtra Small 9.6px,Label Alternative / Extra Small 9.6px
Node,07 — Prompts:I4013:3289;4013:3144:07 — Prompts/Prompts / All/main/prompt-grid/prompt-data/prompt-grid/UI / Card with Toolbar/toolbar/toolbar-actions/Project / Toolbar,Project / Toolbar,Project / Toolbar Action
Instance property,07 — Prompts:I4013:3289;4013:3144:Project / Toolbar Action,state,State
Instance property,07 — Prompts:I4013:3289;4013:3144:Project / Toolbar Action,Icon Type,Icon
Node,07 — Prompts:I4013:3289;4013:3145:07 — Prompts/Prompts / All/main/prompt-grid/prompt-data/prompt-grid/UI / Card with Toolbar/toolbar/toolbar-actions/icon,icon,UI / Icon
Instance property,07 — Prompts:I4013:3289;4013:3145:UI / Icon,icon style,Icon
Instance property value,07 — Prompts:I4013:3289;4013:3145:UI / Icon/Icon,copy,Copy
Node,07 — Prompts:I4013:3289;4013:3146:07 — Prompts/Prompts / All/main/prompt-grid/prompt-data/prompt-grid/UI / Card with Toolbar/toolbar/toolbar-actions/Project / Toolbar,Project / Toolbar,Project / Toolbar Action
Instance property,07 — Prompts:I4013:3289;4013:3146:Project / Toolbar Action,state,State
Instance property,07 — Prompts:I4013:3289;4013:3146:Project / Toolbar Action,Icon Type,Icon
Instance property value,07 — Prompts:I4013:3289;4013:3146:Project / Toolbar Action/Icon,Reresh,Refresh
Node,07 — Prompts:4013:3311:07 — Prompts/Prompts / All/main/prompt-grid/prompt-data/prompt-grid/Cards / Card with toolbar,Cards / Card with toolbar,UI / Card with Toolbar
Node,07 — Prompts:I4013:3311;4013:3113:07 — Prompts/Prompts / All/main/prompt-grid/prompt-data/prompt-grid/UI / Card with Toolbar/toolbar/Badges / Category,Badges / Category,UI / Category Badge
Node,07 — Prompts:I4013:3311;4013:3113;4009:3503:07 — Prompts/Prompts / All/main/prompt-grid/prompt-data/prompt-grid/UI / Card with Toolbar/toolbar/UI / Category Badge/Label Alternative / Xxtra Small 9.6px,Label Alternative / Xxtra Small 9.6px,Label Alternative / Extra Small 9.6px
Node,07 — Prompts:I4013:3311;4013:3114:07 — Prompts/Prompts / All/main/prompt-grid/prompt-data/prompt-grid/UI / Card with Toolbar/toolbar/Badges / Category,Badges / Category,UI / Category Badge
Node,07 — Prompts:I4013:3311;4013:3114;4009:3500:07 — Prompts/Prompts / All/main/prompt-grid/prompt-data/prompt-grid/UI / Card with Toolbar/toolbar/UI / Category Badge/Label Alternative / Xxtra Small 9.6px,Label Alternative / Xxtra Small 9.6px,Label Alternative / Extra Small 9.6px
Node,07 — Prompts:I4013:3311;4013:3144:07 — Prompts/Prompts / All/main/prompt-grid/prompt-data/prompt-grid/UI / Card with Toolbar/toolbar/toolbar-actions/Project / Toolbar,Project / Toolbar,Project / Toolbar Action
Instance property,07 — Prompts:I4013:3311;4013:3144:Project / Toolbar Action,state,State
Instance property,07 — Prompts:I4013:3311;4013:3144:Project / Toolbar Action,Icon Type,Icon
Node,07 — Prompts:I4013:3311;4013:3145:07 — Prompts/Prompts / All/main/prompt-grid/prompt-data/prompt-grid/UI / Card with Toolbar/toolbar/toolbar-actions/icon,icon,UI / Icon
Instance property,07 — Prompts:I4013:3311;4013:3145:UI / Icon,icon style,Icon
Instance property value,07 — Prompts:I4013:3311;4013:3145:UI / Icon/Icon,copy,Copy
Node,07 — Prompts:I4013:3311;4013:3146:07 — Prompts/Prompts / All/main/prompt-grid/prompt-data/prompt-grid/UI / Card with Toolbar/toolbar/toolbar-actions/Project / Toolbar,Project / Toolbar,Project / Toolbar Action
Instance property,07 — Prompts:I4013:3311;4013:3146:Project / Toolbar Action,state,State
Instance property,07 — Prompts:I4013:3311;4013:3146:Project / Toolbar Action,Icon Type,Icon
Instance property value,07 — Prompts:I4013:3311;4013:3146:Project / Toolbar Action/Icon,Reresh,Refresh
Node,07 — Prompts:4013:3333:07 — Prompts/Prompts / All/main/prompt-grid/prompt-data/prompt-grid/Cards / Card with toolbar,Cards / Card with toolbar,UI / Card with Toolbar
Node,07 — Prompts:I4013:3333;4013:3113:07 — Prompts/Prompts / All/main/prompt-grid/prompt-data/prompt-grid/UI / Card with Toolbar/toolbar/Badges / Category,Badges / Category,UI / Category Badge
Node,07 — Prompts:I4013:3333;4013:3113;4009:3497:07 — Prompts/Prompts / All/main/prompt-grid/prompt-data/prompt-grid/UI / Card with Toolbar/toolbar/UI / Category Badge/Label Alternative / Xxtra Small 9.6px,Label Alternative / Xxtra Small 9.6px,Label Alternative / Extra Small 9.6px
Node,07 — Prompts:I4013:3333;4013:3114:07 — Prompts/Prompts / All/main/prompt-grid/prompt-data/prompt-grid/UI / Card with Toolbar/toolbar/Badges / Category,Badges / Category,UI / Category Badge
Node,07 — Prompts:I4013:3333;4013:3114;4008:3484:07 — Prompts/Prompts / All/main/prompt-grid/prompt-data/prompt-grid/UI / Card with Toolbar/toolbar/UI / Category Badge/Label Alternative / Xxtra Small 9.6px,Label Alternative / Xxtra Small 9.6px,Label Alternative / Extra Small 9.6px
Node,07 — Prompts:I4013:3333;4013:3144:07 — Prompts/Prompts / All/main/prompt-grid/prompt-data/prompt-grid/UI / Card with Toolbar/toolbar/toolbar-actions/Project / Toolbar,Project / Toolbar,Project / Toolbar Action
Instance property,07 — Prompts:I4013:3333;4013:3144:Project / Toolbar Action,state,State
Instance property,07 — Prompts:I4013:3333;4013:3144:Project / Toolbar Action,Icon Type,Icon
Node,07 — Prompts:I4013:3333;4013:3145:07 — Prompts/Prompts / All/main/prompt-grid/prompt-data/prompt-grid/UI / Card with Toolbar/toolbar/toolbar-actions/icon,icon,UI / Icon
Instance property,07 — Prompts:I4013:3333;4013:3145:UI / Icon,icon style,Icon
Instance property value,07 — Prompts:I4013:3333;4013:3145:UI / Icon/Icon,copy,Copy
Node,07 — Prompts:I4013:3333;4013:3146:07 — Prompts/Prompts / All/main/prompt-grid/prompt-data/prompt-grid/UI / Card with Toolbar/toolbar/toolbar-actions/Project / Toolbar,Project / Toolbar,Project / Toolbar Action
Instance property,07 — Prompts:I4013:3333;4013:3146:Project / Toolbar Action,state,State
Instance property,07 — Prompts:I4013:3333;4013:3146:Project / Toolbar Action,Icon Type,Icon
Instance property value,07 — Prompts:I4013:3333;4013:3146:Project / Toolbar Action/Icon,Reresh,Refresh
Node,07 — Prompts:4013:3359:07 — Prompts/Prompts / All/main/prompt-grid/prompt-data/prompt-grid/Cards / Card with toolbar,Cards / Card with toolbar,UI / Card with Toolbar
Node,07 — Prompts:I4013:3359;4013:3113:07 — Prompts/Prompts / All/main/prompt-grid/prompt-data/prompt-grid/UI / Card with Toolbar/toolbar/Badges / Category,Badges / Category,UI / Category Badge
Node,07 — Prompts:I4013:3359;4013:3113;4009:3497:07 — Prompts/Prompts / All/main/prompt-grid/prompt-data/prompt-grid/UI / Card with Toolbar/toolbar/UI / Category Badge/Label Alternative / Xxtra Small 9.6px,Label Alternative / Xxtra Small 9.6px,Label Alternative / Extra Small 9.6px
Node,07 — Prompts:I4013:3359;4013:3114:07 — Prompts/Prompts / All/main/prompt-grid/prompt-data/prompt-grid/UI / Card with Toolbar/toolbar/Badges / Category,Badges / Category,UI / Category Badge
Node,07 — Prompts:I4013:3359;4013:3114;4008:3484:07 — Prompts/Prompts / All/main/prompt-grid/prompt-data/prompt-grid/UI / Card with Toolbar/toolbar/UI / Category Badge/Label Alternative / Xxtra Small 9.6px,Label Alternative / Xxtra Small 9.6px,Label Alternative / Extra Small 9.6px
Node,07 — Prompts:I4013:3359;4013:3144:07 — Prompts/Prompts / All/main/prompt-grid/prompt-data/prompt-grid/UI / Card with Toolbar/toolbar/toolbar-actions/Project / Toolbar,Project / Toolbar,Project / Toolbar Action
Instance property,07 — Prompts:I4013:3359;4013:3144:Project / Toolbar Action,state,State
Instance property,07 — Prompts:I4013:3359;4013:3144:Project / Toolbar Action,Icon Type,Icon
Node,07 — Prompts:I4013:3359;4013:3145:07 — Prompts/Prompts / All/main/prompt-grid/prompt-data/prompt-grid/UI / Card with Toolbar/toolbar/toolbar-actions/icon,icon,UI / Icon
Instance property,07 — Prompts:I4013:3359;4013:3145:UI / Icon,icon style,Icon
Instance property value,07 — Prompts:I4013:3359;4013:3145:UI / Icon/Icon,copy,Copy
Node,07 — Prompts:I4013:3359;4013:3146:07 — Prompts/Prompts / All/main/prompt-grid/prompt-data/prompt-grid/UI / Card with Toolbar/toolbar/toolbar-actions/Project / Toolbar,Project / Toolbar,Project / Toolbar Action
Instance property,07 — Prompts:I4013:3359;4013:3146:Project / Toolbar Action,state,State
Instance property,07 — Prompts:I4013:3359;4013:3146:Project / Toolbar Action,Icon Type,Icon
Instance property value,07 — Prompts:I4013:3359;4013:3146:Project / Toolbar Action/Icon,Reresh,Refresh
Node,07 — Prompts:4013:3381:07 — Prompts/Prompts / All/main/prompt-grid/prompt-data/prompt-grid/Cards / Card with toolbar,Cards / Card with toolbar,UI / Card with Toolbar
Node,07 — Prompts:I4013:3381;4013:3113:07 — Prompts/Prompts / All/main/prompt-grid/prompt-data/prompt-grid/UI / Card with Toolbar/toolbar/Badges / Category,Badges / Category,UI / Category Badge
Node,07 — Prompts:I4013:3381;4013:3113;4009:3497:07 — Prompts/Prompts / All/main/prompt-grid/prompt-data/prompt-grid/UI / Card with Toolbar/toolbar/UI / Category Badge/Label Alternative / Xxtra Small 9.6px,Label Alternative / Xxtra Small 9.6px,Label Alternative / Extra Small 9.6px
Node,07 — Prompts:I4013:3381;4013:3114:07 — Prompts/Prompts / All/main/prompt-grid/prompt-data/prompt-grid/UI / Card with Toolbar/toolbar/Badges / Category,Badges / Category,UI / Category Badge
Node,07 — Prompts:I4013:3381;4013:3114;4008:3484:07 — Prompts/Prompts / All/main/prompt-grid/prompt-data/prompt-grid/UI / Card with Toolbar/toolbar/UI / Category Badge/Label Alternative / Xxtra Small 9.6px,Label Alternative / Xxtra Small 9.6px,Label Alternative / Extra Small 9.6px
Node,07 — Prompts:I4013:3381;4013:3144:07 — Prompts/Prompts / All/main/prompt-grid/prompt-data/prompt-grid/UI / Card with Toolbar/toolbar/toolbar-actions/Project / Toolbar,Project / Toolbar,Project / Toolbar Action
Instance property,07 — Prompts:I4013:3381;4013:3144:Project / Toolbar Action,state,State
Instance property,07 — Prompts:I4013:3381;4013:3144:Project / Toolbar Action,Icon Type,Icon
Node,07 — Prompts:I4013:3381;4013:3145:07 — Prompts/Prompts / All/main/prompt-grid/prompt-data/prompt-grid/UI / Card with Toolbar/toolbar/toolbar-actions/icon,icon,UI / Icon
Instance property,07 — Prompts:I4013:3381;4013:3145:UI / Icon,icon style,Icon
Instance property value,07 — Prompts:I4013:3381;4013:3145:UI / Icon/Icon,copy,Copy
Node,07 — Prompts:I4013:3381;4013:3146:07 — Prompts/Prompts / All/main/prompt-grid/prompt-data/prompt-grid/UI / Card with Toolbar/toolbar/toolbar-actions/Project / Toolbar,Project / Toolbar,Project / Toolbar Action
Instance property,07 — Prompts:I4013:3381;4013:3146:Project / Toolbar Action,state,State
Instance property,07 — Prompts:I4013:3381;4013:3146:Project / Toolbar Action,Icon Type,Icon
Instance property value,07 — Prompts:I4013:3381;4013:3146:Project / Toolbar Action/Icon,Reresh,Refresh
Node,07 — Prompts:4013:3403:07 — Prompts/Prompts / All/main/prompt-grid/prompt-data/prompt-grid/Cards / Card with toolbar,Cards / Card with toolbar,UI / Card with Toolbar
Node,07 — Prompts:I4013:3403;4013:3113:07 — Prompts/Prompts / All/main/prompt-grid/prompt-data/prompt-grid/UI / Card with Toolbar/toolbar/Badges / Category,Badges / Category,UI / Category Badge
Node,07 — Prompts:I4013:3403;4013:3113;4009:3494:07 — Prompts/Prompts / All/main/prompt-grid/prompt-data/prompt-grid/UI / Card with Toolbar/toolbar/UI / Category Badge/Label Alternative / Xxtra Small 9.6px,Label Alternative / Xxtra Small 9.6px,Label Alternative / Extra Small 9.6px
Node,07 — Prompts:I4013:3403;4013:3114:07 — Prompts/Prompts / All/main/prompt-grid/prompt-data/prompt-grid/UI / Card with Toolbar/toolbar/Badges / Category,Badges / Category,UI / Category Badge
Node,07 — Prompts:I4013:3403;4013:3114;4008:3484:07 — Prompts/Prompts / All/main/prompt-grid/prompt-data/prompt-grid/UI / Card with Toolbar/toolbar/UI / Category Badge/Label Alternative / Xxtra Small 9.6px,Label Alternative / Xxtra Small 9.6px,Label Alternative / Extra Small 9.6px
Node,07 — Prompts:I4013:3403;4013:3144:07 — Prompts/Prompts / All/main/prompt-grid/prompt-data/prompt-grid/UI / Card with Toolbar/toolbar/toolbar-actions/Project / Toolbar,Project / Toolbar,Project / Toolbar Action
Instance property,07 — Prompts:I4013:3403;4013:3144:Project / Toolbar Action,state,State
Instance property,07 — Prompts:I4013:3403;4013:3144:Project / Toolbar Action,Icon Type,Icon
Node,07 — Prompts:I4013:3403;4013:3145:07 — Prompts/Prompts / All/main/prompt-grid/prompt-data/prompt-grid/UI / Card with Toolbar/toolbar/toolbar-actions/icon,icon,UI / Icon
Instance property,07 — Prompts:I4013:3403;4013:3145:UI / Icon,icon style,Icon
Instance property value,07 — Prompts:I4013:3403;4013:3145:UI / Icon/Icon,copy,Copy
Node,07 — Prompts:I4013:3403;4013:3146:07 — Prompts/Prompts / All/main/prompt-grid/prompt-data/prompt-grid/UI / Card with Toolbar/toolbar/toolbar-actions/Project / Toolbar,Project / Toolbar,Project / Toolbar Action
Instance property,07 — Prompts:I4013:3403;4013:3146:Project / Toolbar Action,state,State
Instance property,07 — Prompts:I4013:3403;4013:3146:Project / Toolbar Action,Icon Type,Icon
Instance property value,07 — Prompts:I4013:3403;4013:3146:Project / Toolbar Action/Icon,Reresh,Refresh
Node,07 — Prompts:4013:3556:07 — Prompts/Prompts / All/main/prompt-grid/prompt-data/prompt-grid/Cards / Card with toolbar,Cards / Card with toolbar,UI / Card with Toolbar
Node,07 — Prompts:I4013:3556;4013:3113:07 — Prompts/Prompts / All/main/prompt-grid/prompt-data/prompt-grid/UI / Card with Toolbar/toolbar/Badges / Category,Badges / Category,UI / Category Badge
Node,07 — Prompts:I4013:3556;4013:3113;4009:3494:07 — Prompts/Prompts / All/main/prompt-grid/prompt-data/prompt-grid/UI / Card with Toolbar/toolbar/UI / Category Badge/Label Alternative / Xxtra Small 9.6px,Label Alternative / Xxtra Small 9.6px,Label Alternative / Extra Small 9.6px
Node,07 — Prompts:I4013:3556;4013:3114:07 — Prompts/Prompts / All/main/prompt-grid/prompt-data/prompt-grid/UI / Card with Toolbar/toolbar/Badges / Category,Badges / Category,UI / Category Badge
Node,07 — Prompts:I4013:3556;4013:3114;4008:3484:07 — Prompts/Prompts / All/main/prompt-grid/prompt-data/prompt-grid/UI / Card with Toolbar/toolbar/UI / Category Badge/Label Alternative / Xxtra Small 9.6px,Label Alternative / Xxtra Small 9.6px,Label Alternative / Extra Small 9.6px
Node,07 — Prompts:I4013:3556;4013:3144:07 — Prompts/Prompts / All/main/prompt-grid/prompt-data/prompt-grid/UI / Card with Toolbar/toolbar/toolbar-actions/Project / Toolbar,Project / Toolbar,Project / Toolbar Action
Instance property,07 — Prompts:I4013:3556;4013:3144:Project / Toolbar Action,state,State
Instance property,07 — Prompts:I4013:3556;4013:3144:Project / Toolbar Action,Icon Type,Icon
Node,07 — Prompts:I4013:3556;4013:3145:07 — Prompts/Prompts / All/main/prompt-grid/prompt-data/prompt-grid/UI / Card with Toolbar/toolbar/toolbar-actions/icon,icon,UI / Icon
Instance property,07 — Prompts:I4013:3556;4013:3145:UI / Icon,icon style,Icon
Instance property value,07 — Prompts:I4013:3556;4013:3145:UI / Icon/Icon,copy,Copy
Node,07 — Prompts:I4013:3556;4013:3146:07 — Prompts/Prompts / All/main/prompt-grid/prompt-data/prompt-grid/UI / Card with Toolbar/toolbar/toolbar-actions/Project / Toolbar,Project / Toolbar,Project / Toolbar Action
Instance property,07 — Prompts:I4013:3556;4013:3146:Project / Toolbar Action,state,State
Instance property,07 — Prompts:I4013:3556;4013:3146:Project / Toolbar Action,Icon Type,Icon
Instance property value,07 — Prompts:I4013:3556;4013:3146:Project / Toolbar Action/Icon,Reresh,Refresh
Node,07 — Prompts:4013:3578:07 — Prompts/Prompts / All/main/prompt-grid/prompt-data/prompt-grid/Cards / Card with toolbar,Cards / Card with toolbar,UI / Card with Toolbar
Node,07 — Prompts:I4013:3578;4013:3113:07 — Prompts/Prompts / All/main/prompt-grid/prompt-data/prompt-grid/UI / Card with Toolbar/toolbar/Badges / Category,Badges / Category,UI / Category Badge
Node,07 — Prompts:I4013:3578;4013:3113;4009:3494:07 — Prompts/Prompts / All/main/prompt-grid/prompt-data/prompt-grid/UI / Card with Toolbar/toolbar/UI / Category Badge/Label Alternative / Xxtra Small 9.6px,Label Alternative / Xxtra Small 9.6px,Label Alternative / Extra Small 9.6px
Node,07 — Prompts:I4013:3578;4013:3114:07 — Prompts/Prompts / All/main/prompt-grid/prompt-data/prompt-grid/UI / Card with Toolbar/toolbar/Badges / Category,Badges / Category,UI / Category Badge
Node,07 — Prompts:I4013:3578;4013:3114;4008:3484:07 — Prompts/Prompts / All/main/prompt-grid/prompt-data/prompt-grid/UI / Card with Toolbar/toolbar/UI / Category Badge/Label Alternative / Xxtra Small 9.6px,Label Alternative / Xxtra Small 9.6px,Label Alternative / Extra Small 9.6px
Node,07 — Prompts:I4013:3578;4013:3144:07 — Prompts/Prompts / All/main/prompt-grid/prompt-data/prompt-grid/UI / Card with Toolbar/toolbar/toolbar-actions/Project / Toolbar,Project / Toolbar,Project / Toolbar Action
Instance property,07 — Prompts:I4013:3578;4013:3144:Project / Toolbar Action,state,State
Instance property,07 — Prompts:I4013:3578;4013:3144:Project / Toolbar Action,Icon Type,Icon
Node,07 — Prompts:I4013:3578;4013:3145:07 — Prompts/Prompts / All/main/prompt-grid/prompt-data/prompt-grid/UI / Card with Toolbar/toolbar/toolbar-actions/icon,icon,UI / Icon
Instance property,07 — Prompts:I4013:3578;4013:3145:UI / Icon,icon style,Icon
Instance property value,07 — Prompts:I4013:3578;4013:3145:UI / Icon/Icon,copy,Copy
Node,07 — Prompts:I4013:3578;4013:3146:07 — Prompts/Prompts / All/main/prompt-grid/prompt-data/prompt-grid/UI / Card with Toolbar/toolbar/toolbar-actions/Project / Toolbar,Project / Toolbar,Project / Toolbar Action
Instance property,07 — Prompts:I4013:3578;4013:3146:Project / Toolbar Action,state,State
Instance property,07 — Prompts:I4013:3578;4013:3146:Project / Toolbar Action,Icon Type,Icon
Instance property value,07 — Prompts:I4013:3578;4013:3146:Project / Toolbar Action/Icon,Reresh,Refresh
Node,07 — Prompts:2001:3517:07 — Prompts/Prompts / All/main/prompt-grid/prompt-data/imprint-data,imprint-data,legacy-feedback-list
Node,07 — Prompts:2001:3518:07 — Prompts/Prompts / All/main/prompt-grid/prompt-data/legacy-feedback-list/single-imprint,single-imprint,legacy-feedback-card
Node,07 — Prompts:4013:3639:07 — Prompts/Prompts / Edit/Quick View / Side Drawer,Quick View / Side Drawer,Quick View / Drawer
Instance property,07 — Prompts:4013:3648:Form / Field,form,Type
Instance property value,07 — Prompts:4013:3648:Form / Field/Type,input,Input
Instance property,07 — Prompts:4013:3693:Form / Field,form,Type
Instance property value,07 — Prompts:4013:3693:Form / Field/Type,input,Input
Instance property,07 — Prompts:4013:3699:Form / Field,form,Type
Instance property value,07 — Prompts:4013:3699:Form / Field/Type,input,Input
Instance property,07 — Prompts:4013:3704:Form / Field,form,Type
Instance property value,07 — Prompts:4013:3704:Form / Field/Type,input,Input
Instance property,07 — Prompts:4013:3680:Form / Field,form,Type
Instance property value,07 — Prompts:4013:3680:Form / Field/Type,textarea-skyline,Textarea Skyline
Instance property,07 — Prompts:4013:3709:Form / Field,form,Type
Instance property value,07 — Prompts:4013:3709:Form / Field/Type,textarea-skyline,Textarea Skyline
Node,07 — Prompts:4013:3721:07 — Prompts/Prompts / Edit/Quick View / Drawer/prompt-settings/tool-box/buttons/Button,Button,UI / Button
Node,07 — Prompts:4013:3725:07 — Prompts/Prompts / Edit/Quick View / Drawer/prompt-settings/tool-box/buttons/Button,Button,UI / Button
Node,07 — Prompts:4013:4076:07 — Prompts/Prompts / Edit/Quick View / Drawer/prompt-settings/tool-box/Label/icon,icon,UI / Icon
Instance property,07 — Prompts:4013:4076:UI / Icon,icon style,Icon
Instance property,07 — Prompts:4013:3640:close,icon-type,Icon
Instance property value,07 — Prompts:4013:3640:close/Icon,button-close,Close
Node,08 — Settings:4016:4265:08 — Settings/Settings,Settings,Settings / Models
Node,08 — Settings:4016:4267:08 — Settings/Settings / Models/sidebar/Sidebar / Sidebar,Sidebar / Sidebar,Navigation / Sidebar
Node,08 — Settings:I4016:4267;14:679:08 — Settings/Settings / Models/sidebar/Navigation / Sidebar/Sidebar / Nav Item,Sidebar / Nav Item,Navigation / Item
Instance property,08 — Settings:I4016:4267;14:679:Navigation / Item,state,State
Instance property value,08 — Settings:I4016:4267;14:679:Navigation / Item/State,disabled,Disabled
Instance property,08 — Settings:I4016:4267;14:679:Navigation / Item,size,Size
Instance property value,08 — Settings:I4016:4267;14:679:Navigation / Item/Size,large,Large
Node,08 — Settings:I4016:4267;14:682:08 — Settings/Settings / Models/sidebar/Navigation / Sidebar/Sidebar / Nav Item,Sidebar / Nav Item,Navigation / Item
Instance property,08 — Settings:I4016:4267;14:682:Navigation / Item,state,State
Instance property value,08 — Settings:I4016:4267;14:682:Navigation / Item/State,disabled,Disabled
Instance property,08 — Settings:I4016:4267;14:682:Navigation / Item,size,Size
Instance property value,08 — Settings:I4016:4267;14:682:Navigation / Item/Size,large,Large
Node,08 — Settings:I4016:4267;14:684:08 — Settings/Settings / Models/sidebar/Navigation / Sidebar/Sidebar / Nav Item,Sidebar / Nav Item,Navigation / Item
Instance property,08 — Settings:I4016:4267;14:684:Navigation / Item,state,State
Instance property value,08 — Settings:I4016:4267;14:684:Navigation / Item/State,disabled,Disabled
Instance property,08 — Settings:I4016:4267;14:684:Navigation / Item,size,Size
Instance property value,08 — Settings:I4016:4267;14:684:Navigation / Item/Size,large,Large
Node,08 — Settings:I4016:4267;14:686:08 — Settings/Settings / Models/sidebar/Navigation / Sidebar/Sidebar / Nav Item,Sidebar / Nav Item,Navigation / Item
Instance property,08 — Settings:I4016:4267;14:686:Navigation / Item,state,State
Instance property value,08 — Settings:I4016:4267;14:686:Navigation / Item/State,disabled,Disabled
Instance property,08 — Settings:I4016:4267;14:686:Navigation / Item,size,Size
Instance property value,08 — Settings:I4016:4267;14:686:Navigation / Item/Size,large,Large
Node,08 — Settings:I4016:4267;14:688:08 — Settings/Settings / Models/sidebar/Navigation / Sidebar/Sidebar / Nav Item,Sidebar / Nav Item,Navigation / Item
Instance property,08 — Settings:I4016:4267;14:688:Navigation / Item,state,State
Instance property value,08 — Settings:I4016:4267;14:688:Navigation / Item/State,disabled,Disabled
Instance property,08 — Settings:I4016:4267;14:688:Navigation / Item,size,Size
Instance property value,08 — Settings:I4016:4267;14:688:Navigation / Item/Size,large,Large
Node,08 — Settings:I4016:4267;14:697:08 — Settings/Settings / Models/sidebar/Navigation / Sidebar/Sidebar / Nav Item,Sidebar / Nav Item,Navigation / Item
Instance property,08 — Settings:I4016:4267;14:697:Navigation / Item,state,State
Instance property value,08 — Settings:I4016:4267;14:697:Navigation / Item/State,active,Active
Instance property,08 — Settings:I4016:4267;14:697:Navigation / Item,size,Size
Instance property value,08 — Settings:I4016:4267;14:697:Navigation / Item/Size,large,Large
Node,08 — Settings:4016:4269:08 — Settings/Settings / Models/main/Top Bar,Top Bar,UI / Top Bar
Instance property value,08 — Settings:4016:4269:UI / Top Bar/Module,model only,Model Only
Node,08 — Settings:I4016:4269;4010:4232:08 — Settings/Settings / Models/main/UI / Top Bar/Model Bar,Model Bar,UI / Model Bar
Instance property value,08 — Settings:I4016:4269;4010:4232;73:1125:UI / Status Badge/Status,active,Active
Node,08 — Settings:4016:4270:08 — Settings/Settings / Models/main/Headers / Headers,Headers / Headers,UI / Header
Instance property,08 — Settings:4016:4270:UI / Header,type,Type
Node,08 — Settings:4016:4272:08 — Settings/Settings / Models/main/settings/Sidebar / Sidebar Alternative,Sidebar / Sidebar Alternative,Navigation / Sidebar / Alternative
Node,08 — Settings:I4016:4272;4016:3944:08 — Settings/Settings / Models/main/settings/Navigation / Sidebar / Alternative/Sidebar / Nav Item,Sidebar / Nav Item,Navigation / Item
Instance property,08 — Settings:I4016:4272;4016:3944:Navigation / Item,state,State
Instance property value,08 — Settings:I4016:4272;4016:3944:Navigation / Item/State,active,Active
Instance property,08 — Settings:I4016:4272;4016:3944:Navigation / Item,size,Size
Instance property value,08 — Settings:I4016:4272;4016:3944:Navigation / Item/Size,small,Small
Node,08 — Settings:I4016:4272;4016:3948:08 — Settings/Settings / Models/main/settings/Navigation / Sidebar / Alternative/Sidebar / Nav Item,Sidebar / Nav Item,Navigation / Item
Instance property,08 — Settings:I4016:4272;4016:3948:Navigation / Item,state,State
Instance property value,08 — Settings:I4016:4272;4016:3948:Navigation / Item/State,disabled,Disabled
Instance property,08 — Settings:I4016:4272;4016:3948:Navigation / Item,size,Size
Instance property value,08 — Settings:I4016:4272;4016:3948:Navigation / Item/Size,small,Small
Node,08 — Settings:I4016:4272;4016:3947:08 — Settings/Settings / Models/main/settings/Navigation / Sidebar / Alternative/Sidebar / Nav Item,Sidebar / Nav Item,Navigation / Item
Instance property,08 — Settings:I4016:4272;4016:3947:Navigation / Item,state,State
Instance property value,08 — Settings:I4016:4272;4016:3947:Navigation / Item/State,disabled,Disabled
Instance property,08 — Settings:I4016:4272;4016:3947:Navigation / Item,size,Size
Instance property value,08 — Settings:I4016:4272;4016:3947:Navigation / Item/Size,small,Small
Node,08 — Settings:I4016:4272;4016:3945:08 — Settings/Settings / Models/main/settings/Navigation / Sidebar / Alternative/Sidebar / Nav Item,Sidebar / Nav Item,Navigation / Item
Instance property,08 — Settings:I4016:4272;4016:3945:Navigation / Item,state,State
Instance property value,08 — Settings:I4016:4272;4016:3945:Navigation / Item/State,disabled,Disabled
Instance property,08 — Settings:I4016:4272;4016:3945:Navigation / Item,size,Size
Instance property value,08 — Settings:I4016:4272;4016:3945:Navigation / Item/Size,small,Small
Node,08 — Settings:I4016:4272;4016:3946:08 — Settings/Settings / Models/main/settings/Navigation / Sidebar / Alternative/Sidebar / Nav Item,Sidebar / Nav Item,Navigation / Item
Instance property,08 — Settings:I4016:4272;4016:3946:Navigation / Item,state,State
Instance property value,08 — Settings:I4016:4272;4016:3946:Navigation / Item/State,disabled,Disabled
Instance property,08 — Settings:I4016:4272;4016:3946:Navigation / Item,size,Size
Instance property value,08 — Settings:I4016:4272;4016:3946:Navigation / Item/Size,small,Small
Node,08 — Settings:I4016:4272;4016:3949:08 — Settings/Settings / Models/main/settings/Navigation / Sidebar / Alternative/Sidebar / Nav Item,Sidebar / Nav Item,Navigation / Item
Instance property,08 — Settings:I4016:4272;4016:3949:Navigation / Item,state,State
Instance property value,08 — Settings:I4016:4272;4016:3949:Navigation / Item/State,disabled,Disabled
Instance property,08 — Settings:I4016:4272;4016:3949:Navigation / Item,size,Size
Instance property value,08 — Settings:I4016:4272;4016:3949:Navigation / Item/Size,small,Small
Node,08 — Settings:4016:4282:08 — Settings/Settings / Models/main/settings/settings-box/Frame 3,Frame 3,section-header
Node,08 — Settings:4016:4285:08 — Settings/Settings / Models/main/settings/settings-box/Group 2,Group 2,settings-list
Instance property,08 — Settings:I4016:4286;4013:4358:Form / Field,form,Type
Instance property value,08 — Settings:I4016:4286;4013:4358:Form / Field/Type,input,Input
Instance property,08 — Settings:I4016:4287;4013:4358:Form / Field,form,Type
Instance property value,08 — Settings:I4016:4287;4013:4358:Form / Field/Type,input,Input
Instance property,08 — Settings:I4016:4288;4013:4358:Form / Field,form,Type
Instance property value,08 — Settings:I4016:4288;4013:4358:Form / Field/Type,input,Input
Instance property,08 — Settings:I4016:4289;4013:4358:Form / Field,form,Type
Instance property value,08 — Settings:I4016:4289;4013:4358:Form / Field/Type,input,Input
Instance property,08 — Settings:I4016:4290;4013:4358:Form / Field,form,Type
Instance property value,08 — Settings:I4016:4290;4013:4358:Form / Field/Type,input,Input
Node,08 — Settings:4016:4291:08 — Settings/Settings / Models/main/settings/settings-box/Button,Button,UI / Button
Node,08 — Settings:2001:3674:08 — Settings/Settings,Settings,Settings / Personalisation
Node,08 — Settings:2001:3676:08 — Settings/Settings / Personalisation/sidebar/Sidebar / Sidebar,Sidebar / Sidebar,Navigation / Sidebar
Node,08 — Settings:I2001:3676;14:679:08 — Settings/Settings / Personalisation/sidebar/Navigation / Sidebar/Sidebar / Nav Item,Sidebar / Nav Item,Navigation / Item
Instance property,08 — Settings:I2001:3676;14:679:Navigation / Item,state,State
Instance property value,08 — Settings:I2001:3676;14:679:Navigation / Item/State,disabled,Disabled
Instance property,08 — Settings:I2001:3676;14:679:Navigation / Item,size,Size
Instance property value,08 — Settings:I2001:3676;14:679:Navigation / Item/Size,large,Large
Node,08 — Settings:I2001:3676;14:682:08 — Settings/Settings / Personalisation/sidebar/Navigation / Sidebar/Sidebar / Nav Item,Sidebar / Nav Item,Navigation / Item
Instance property,08 — Settings:I2001:3676;14:682:Navigation / Item,state,State
Instance property value,08 — Settings:I2001:3676;14:682:Navigation / Item/State,disabled,Disabled
Instance property,08 — Settings:I2001:3676;14:682:Navigation / Item,size,Size
Instance property value,08 — Settings:I2001:3676;14:682:Navigation / Item/Size,large,Large
Node,08 — Settings:I2001:3676;14:684:08 — Settings/Settings / Personalisation/sidebar/Navigation / Sidebar/Sidebar / Nav Item,Sidebar / Nav Item,Navigation / Item
Instance property,08 — Settings:I2001:3676;14:684:Navigation / Item,state,State
Instance property value,08 — Settings:I2001:3676;14:684:Navigation / Item/State,disabled,Disabled
Instance property,08 — Settings:I2001:3676;14:684:Navigation / Item,size,Size
Instance property value,08 — Settings:I2001:3676;14:684:Navigation / Item/Size,large,Large
Node,08 — Settings:I2001:3676;14:686:08 — Settings/Settings / Personalisation/sidebar/Navigation / Sidebar/Sidebar / Nav Item,Sidebar / Nav Item,Navigation / Item
Instance property,08 — Settings:I2001:3676;14:686:Navigation / Item,state,State
Instance property value,08 — Settings:I2001:3676;14:686:Navigation / Item/State,disabled,Disabled
Instance property,08 — Settings:I2001:3676;14:686:Navigation / Item,size,Size
Instance property value,08 — Settings:I2001:3676;14:686:Navigation / Item/Size,large,Large
Node,08 — Settings:I2001:3676;14:688:08 — Settings/Settings / Personalisation/sidebar/Navigation / Sidebar/Sidebar / Nav Item,Sidebar / Nav Item,Navigation / Item
Instance property,08 — Settings:I2001:3676;14:688:Navigation / Item,state,State
Instance property value,08 — Settings:I2001:3676;14:688:Navigation / Item/State,disabled,Disabled
Instance property,08 — Settings:I2001:3676;14:688:Navigation / Item,size,Size
Instance property value,08 — Settings:I2001:3676;14:688:Navigation / Item/Size,large,Large
Node,08 — Settings:I2001:3676;14:697:08 — Settings/Settings / Personalisation/sidebar/Navigation / Sidebar/Sidebar / Nav Item,Sidebar / Nav Item,Navigation / Item
Instance property,08 — Settings:I2001:3676;14:697:Navigation / Item,state,State
Instance property value,08 — Settings:I2001:3676;14:697:Navigation / Item/State,active,Active
Instance property,08 — Settings:I2001:3676;14:697:Navigation / Item,size,Size
Instance property value,08 — Settings:I2001:3676;14:697:Navigation / Item/Size,large,Large
Node,08 — Settings:4013:4134:08 — Settings/Settings / Personalisation/main/Top Bar,Top Bar,UI / Top Bar
Instance property value,08 — Settings:4013:4134:UI / Top Bar/Module,model only,Model Only
Node,08 — Settings:I4013:4134;4010:4232:08 — Settings/Settings / Personalisation/main/UI / Top Bar/Model Bar,Model Bar,UI / Model Bar
Instance property value,08 — Settings:I4013:4134;4010:4232;73:1125:UI / Status Badge/Status,active,Active
Node,08 — Settings:4013:4121:08 — Settings/Settings / Personalisation/main/Headers / Headers,Headers / Headers,UI / Header
Instance property,08 — Settings:4013:4121:UI / Header,type,Type
Node,08 — Settings:4016:3963:08 — Settings/Settings / Personalisation/main/settings/Sidebar / Sidebar Alternative,Sidebar / Sidebar Alternative,Navigation / Sidebar / Alternative
Node,08 — Settings:I4016:3963;4016:3944:08 — Settings/Settings / Personalisation/main/settings/Navigation / Sidebar / Alternative/Sidebar / Nav Item,Sidebar / Nav Item,Navigation / Item
Instance property,08 — Settings:I4016:3963;4016:3944:Navigation / Item,state,State
Instance property value,08 — Settings:I4016:3963;4016:3944:Navigation / Item/State,disabled,Disabled
Instance property,08 — Settings:I4016:3963;4016:3944:Navigation / Item,size,Size
Instance property value,08 — Settings:I4016:3963;4016:3944:Navigation / Item/Size,small,Small
Node,08 — Settings:I4016:3963;4016:3948:08 — Settings/Settings / Personalisation/main/settings/Navigation / Sidebar / Alternative/Sidebar / Nav Item,Sidebar / Nav Item,Navigation / Item
Instance property,08 — Settings:I4016:3963;4016:3948:Navigation / Item,state,State
Instance property value,08 — Settings:I4016:3963;4016:3948:Navigation / Item/State,active,Active
Instance property,08 — Settings:I4016:3963;4016:3948:Navigation / Item,size,Size
Instance property value,08 — Settings:I4016:3963;4016:3948:Navigation / Item/Size,small,Small
Node,08 — Settings:I4016:3963;4016:3947:08 — Settings/Settings / Personalisation/main/settings/Navigation / Sidebar / Alternative/Sidebar / Nav Item,Sidebar / Nav Item,Navigation / Item
Instance property,08 — Settings:I4016:3963;4016:3947:Navigation / Item,state,State
Instance property value,08 — Settings:I4016:3963;4016:3947:Navigation / Item/State,disabled,Disabled
Instance property,08 — Settings:I4016:3963;4016:3947:Navigation / Item,size,Size
Instance property value,08 — Settings:I4016:3963;4016:3947:Navigation / Item/Size,small,Small
Node,08 — Settings:I4016:3963;4016:3945:08 — Settings/Settings / Personalisation/main/settings/Navigation / Sidebar / Alternative/Sidebar / Nav Item,Sidebar / Nav Item,Navigation / Item
Instance property,08 — Settings:I4016:3963;4016:3945:Navigation / Item,state,State
Instance property value,08 — Settings:I4016:3963;4016:3945:Navigation / Item/State,disabled,Disabled
Instance property,08 — Settings:I4016:3963;4016:3945:Navigation / Item,size,Size
Instance property value,08 — Settings:I4016:3963;4016:3945:Navigation / Item/Size,small,Small
Node,08 — Settings:I4016:3963;4016:3946:08 — Settings/Settings / Personalisation/main/settings/Navigation / Sidebar / Alternative/Sidebar / Nav Item,Sidebar / Nav Item,Navigation / Item
Instance property,08 — Settings:I4016:3963;4016:3946:Navigation / Item,state,State
Instance property value,08 — Settings:I4016:3963;4016:3946:Navigation / Item/State,disabled,Disabled
Instance property,08 — Settings:I4016:3963;4016:3946:Navigation / Item,size,Size
Instance property value,08 — Settings:I4016:3963;4016:3946:Navigation / Item/Size,small,Small
Node,08 — Settings:I4016:3963;4016:3949:08 — Settings/Settings / Personalisation/main/settings/Navigation / Sidebar / Alternative/Sidebar / Nav Item,Sidebar / Nav Item,Navigation / Item
Instance property,08 — Settings:I4016:3963;4016:3949:Navigation / Item,state,State
Instance property value,08 — Settings:I4016:3963;4016:3949:Navigation / Item/State,disabled,Disabled
Instance property,08 — Settings:I4016:3963;4016:3949:Navigation / Item,size,Size
Instance property value,08 — Settings:I4016:3963;4016:3949:Navigation / Item/Size,small,Small
Node,08 — Settings:4014:4420:08 — Settings/Settings / Personalisation/main/settings/personlisation-box,personlisation-box,personalisation-box
Node,08 — Settings:4014:4469:08 — Settings/Settings / Personalisation/main/settings/personalisation-box/Frame 3,Frame 3,section-header
Node,08 — Settings:4014:4468:08 — Settings/Settings / Personalisation/main/settings/personalisation-box/Group 2,Group 2,settings-list
Node,08 — Settings:I4014:4410;4013:4358:08 — Settings/Settings / Personalisation/main/settings/personalisation-box/settings-list/Settings / Details/Field,Field,Form / Field
Instance property,08 — Settings:I4014:4410;4013:4358:Form / Field,form,Type
Instance property value,08 — Settings:I4014:4410;4013:4358:Form / Field/Type,selector,Selector
Node,08 — Settings:I4014:4410;4013:4358;73:1190:08 — Settings/Settings / Personalisation/main/settings/personalisation-box/settings-list/Settings / Details/Form / Field/icon,icon,UI / Icon
Instance property,08 — Settings:I4014:4410;4013:4358;73:1190:UI / Icon,icon style,Icon
Instance property value,08 — Settings:I4014:4410;4013:4358;73:1190:UI / Icon/Icon,chevron-down,Chevron Down
Instance property,08 — Settings:I4014:4421;4013:4358:Form / Field,form,Type
Instance property value,08 — Settings:I4014:4421;4013:4358:Form / Field/Type,input,Input
Node,08 — Settings:I4014:4430;4013:4358:08 — Settings/Settings / Personalisation/main/settings/personalisation-box/settings-list/Settings / Details/Field,Field,Form / Field
Instance property,08 — Settings:I4014:4430;4013:4358:Form / Field,form,Type
Instance property value,08 — Settings:I4014:4430;4013:4358:Form / Field/Type,selector,Selector
Node,08 — Settings:I4014:4430;4013:4358;73:1190:08 — Settings/Settings / Personalisation/main/settings/personalisation-box/settings-list/Settings / Details/Form / Field/icon,icon,UI / Icon
Instance property,08 — Settings:I4014:4430;4013:4358;73:1190:UI / Icon,icon style,Icon
Instance property value,08 — Settings:I4014:4430;4013:4358;73:1190:UI / Icon/Icon,chevron-down,Chevron Down
Node,08 — Settings:I4014:4439;4013:4358:08 — Settings/Settings / Personalisation/main/settings/personalisation-box/settings-list/Settings / Details/Field,Field,Form / Field
Instance property,08 — Settings:I4014:4439;4013:4358:Form / Field,form,Type
Instance property value,08 — Settings:I4014:4439;4013:4358:Form / Field/Type,textarea-skyline,Textarea Skyline
Node,08 — Settings:4016:4128:08 — Settings/Settings,Settings,Settings / Appearance
Node,08 — Settings:4016:4130:08 — Settings/Settings / Appearance/sidebar/Sidebar / Sidebar,Sidebar / Sidebar,Navigation / Sidebar
Node,08 — Settings:I4016:4130;14:679:08 — Settings/Settings / Appearance/sidebar/Navigation / Sidebar/Sidebar / Nav Item,Sidebar / Nav Item,Navigation / Item
Instance property,08 — Settings:I4016:4130;14:679:Navigation / Item,state,State
Instance property value,08 — Settings:I4016:4130;14:679:Navigation / Item/State,disabled,Disabled
Instance property,08 — Settings:I4016:4130;14:679:Navigation / Item,size,Size
Instance property value,08 — Settings:I4016:4130;14:679:Navigation / Item/Size,large,Large
Node,08 — Settings:I4016:4130;14:682:08 — Settings/Settings / Appearance/sidebar/Navigation / Sidebar/Sidebar / Nav Item,Sidebar / Nav Item,Navigation / Item
Instance property,08 — Settings:I4016:4130;14:682:Navigation / Item,state,State
Instance property value,08 — Settings:I4016:4130;14:682:Navigation / Item/State,disabled,Disabled
Instance property,08 — Settings:I4016:4130;14:682:Navigation / Item,size,Size
Instance property value,08 — Settings:I4016:4130;14:682:Navigation / Item/Size,large,Large
Node,08 — Settings:I4016:4130;14:684:08 — Settings/Settings / Appearance/sidebar/Navigation / Sidebar/Sidebar / Nav Item,Sidebar / Nav Item,Navigation / Item
Instance property,08 — Settings:I4016:4130;14:684:Navigation / Item,state,State
Instance property value,08 — Settings:I4016:4130;14:684:Navigation / Item/State,disabled,Disabled
Instance property,08 — Settings:I4016:4130;14:684:Navigation / Item,size,Size
Instance property value,08 — Settings:I4016:4130;14:684:Navigation / Item/Size,large,Large
Node,08 — Settings:I4016:4130;14:686:08 — Settings/Settings / Appearance/sidebar/Navigation / Sidebar/Sidebar / Nav Item,Sidebar / Nav Item,Navigation / Item
Instance property,08 — Settings:I4016:4130;14:686:Navigation / Item,state,State
Instance property value,08 — Settings:I4016:4130;14:686:Navigation / Item/State,disabled,Disabled
Instance property,08 — Settings:I4016:4130;14:686:Navigation / Item,size,Size
Instance property value,08 — Settings:I4016:4130;14:686:Navigation / Item/Size,large,Large
Node,08 — Settings:I4016:4130;14:688:08 — Settings/Settings / Appearance/sidebar/Navigation / Sidebar/Sidebar / Nav Item,Sidebar / Nav Item,Navigation / Item
Instance property,08 — Settings:I4016:4130;14:688:Navigation / Item,state,State
Instance property value,08 — Settings:I4016:4130;14:688:Navigation / Item/State,disabled,Disabled
Instance property,08 — Settings:I4016:4130;14:688:Navigation / Item,size,Size
Instance property value,08 — Settings:I4016:4130;14:688:Navigation / Item/Size,large,Large
Node,08 — Settings:I4016:4130;14:697:08 — Settings/Settings / Appearance/sidebar/Navigation / Sidebar/Sidebar / Nav Item,Sidebar / Nav Item,Navigation / Item
Instance property,08 — Settings:I4016:4130;14:697:Navigation / Item,state,State
Instance property value,08 — Settings:I4016:4130;14:697:Navigation / Item/State,active,Active
Instance property,08 — Settings:I4016:4130;14:697:Navigation / Item,size,Size
Instance property value,08 — Settings:I4016:4130;14:697:Navigation / Item/Size,large,Large
Node,08 — Settings:4016:4132:08 — Settings/Settings / Appearance/main/Top Bar,Top Bar,UI / Top Bar
Instance property value,08 — Settings:4016:4132:UI / Top Bar/Module,model only,Model Only
Node,08 — Settings:I4016:4132;4010:4232:08 — Settings/Settings / Appearance/main/UI / Top Bar/Model Bar,Model Bar,UI / Model Bar
Instance property value,08 — Settings:I4016:4132;4010:4232;73:1125:UI / Status Badge/Status,active,Active
Node,08 — Settings:4016:4133:08 — Settings/Settings / Appearance/main/Headers / Headers,Headers / Headers,UI / Header
Instance property,08 — Settings:4016:4133:UI / Header,type,Type
Node,08 — Settings:4016:4135:08 — Settings/Settings / Appearance/main/settings/Sidebar / Sidebar Alternative,Sidebar / Sidebar Alternative,Navigation / Sidebar / Alternative
Node,08 — Settings:I4016:4135;4016:3944:08 — Settings/Settings / Appearance/main/settings/Navigation / Sidebar / Alternative/Sidebar / Nav Item,Sidebar / Nav Item,Navigation / Item
Instance property,08 — Settings:I4016:4135;4016:3944:Navigation / Item,state,State
Instance property value,08 — Settings:I4016:4135;4016:3944:Navigation / Item/State,disabled,Disabled
Instance property,08 — Settings:I4016:4135;4016:3944:Navigation / Item,size,Size
Instance property value,08 — Settings:I4016:4135;4016:3944:Navigation / Item/Size,small,Small
Node,08 — Settings:I4016:4135;4016:3948:08 — Settings/Settings / Appearance/main/settings/Navigation / Sidebar / Alternative/Sidebar / Nav Item,Sidebar / Nav Item,Navigation / Item
Instance property,08 — Settings:I4016:4135;4016:3948:Navigation / Item,state,State
Instance property value,08 — Settings:I4016:4135;4016:3948:Navigation / Item/State,disabled,Disabled
Instance property,08 — Settings:I4016:4135;4016:3948:Navigation / Item,size,Size
Instance property value,08 — Settings:I4016:4135;4016:3948:Navigation / Item/Size,small,Small
Node,08 — Settings:I4016:4135;4016:3947:08 — Settings/Settings / Appearance/main/settings/Navigation / Sidebar / Alternative/Sidebar / Nav Item,Sidebar / Nav Item,Navigation / Item
Instance property,08 — Settings:I4016:4135;4016:3947:Navigation / Item,state,State
Instance property value,08 — Settings:I4016:4135;4016:3947:Navigation / Item/State,active,Active
Instance property,08 — Settings:I4016:4135;4016:3947:Navigation / Item,size,Size
Instance property value,08 — Settings:I4016:4135;4016:3947:Navigation / Item/Size,small,Small
Node,08 — Settings:I4016:4135;4016:3945:08 — Settings/Settings / Appearance/main/settings/Navigation / Sidebar / Alternative/Sidebar / Nav Item,Sidebar / Nav Item,Navigation / Item
Instance property,08 — Settings:I4016:4135;4016:3945:Navigation / Item,state,State
Instance property value,08 — Settings:I4016:4135;4016:3945:Navigation / Item/State,disabled,Disabled
Instance property,08 — Settings:I4016:4135;4016:3945:Navigation / Item,size,Size
Instance property value,08 — Settings:I4016:4135;4016:3945:Navigation / Item/Size,small,Small
Node,08 — Settings:I4016:4135;4016:3946:08 — Settings/Settings / Appearance/main/settings/Navigation / Sidebar / Alternative/Sidebar / Nav Item,Sidebar / Nav Item,Navigation / Item
Instance property,08 — Settings:I4016:4135;4016:3946:Navigation / Item,state,State
Instance property value,08 — Settings:I4016:4135;4016:3946:Navigation / Item/State,disabled,Disabled
Instance property,08 — Settings:I4016:4135;4016:3946:Navigation / Item,size,Size
Instance property value,08 — Settings:I4016:4135;4016:3946:Navigation / Item/Size,small,Small
Node,08 — Settings:I4016:4135;4016:3949:08 — Settings/Settings / Appearance/main/settings/Navigation / Sidebar / Alternative/Sidebar / Nav Item,Sidebar / Nav Item,Navigation / Item
Instance property,08 — Settings:I4016:4135;4016:3949:Navigation / Item,state,State
Instance property value,08 — Settings:I4016:4135;4016:3949:Navigation / Item/State,disabled,Disabled
Instance property,08 — Settings:I4016:4135;4016:3949:Navigation / Item,size,Size
Instance property value,08 — Settings:I4016:4135;4016:3949:Navigation / Item/Size,small,Small
Node,08 — Settings:4016:4156:08 — Settings/Settings / Appearance/main/settings/settings-box/Frame 3,Frame 3,section-header
Node,08 — Settings:4016:4159:08 — Settings/Settings / Appearance/main/settings/settings-box/Group 2,Group 2,settings-list
Node,08 — Settings:I4016:4160;4013:4358:08 — Settings/Settings / Appearance/main/settings/settings-box/settings-list/Settings / Details/Field,Field,Form / Field
Instance property,08 — Settings:I4016:4160;4013:4358:Form / Field,form,Type
Instance property value,08 — Settings:I4016:4160;4013:4358:Form / Field/Type,selector,Selector
Node,08 — Settings:I4016:4160;4013:4358;73:1190:08 — Settings/Settings / Appearance/main/settings/settings-box/settings-list/Settings / Details/Form / Field/icon,icon,UI / Icon
Instance property,08 — Settings:I4016:4160;4013:4358;73:1190:UI / Icon,icon style,Icon
Instance property value,08 — Settings:I4016:4160;4013:4358;73:1190:UI / Icon/Icon,chevron-down,Chevron Down
Node,08 — Settings:4016:4166:08 — Settings/Settings / Appearance/main/settings/settings-box/settings-list/Settings / Details/accent-colors/icon,icon,UI / Icon
Instance property,08 — Settings:4016:4166:UI / Icon,icon style,Icon
Instance property value,08 — Settings:4016:4166:UI / Icon/Icon,circle,Circle
Node,08 — Settings:4016:4167:08 — Settings/Settings / Appearance/main/settings/settings-box/settings-list/Settings / Details/accent-colors/icon,icon,UI / Icon
Instance property,08 — Settings:4016:4167:UI / Icon,icon style,Icon
Instance property value,08 — Settings:4016:4167:UI / Icon/Icon,circle,Circle
Node,08 — Settings:4016:4168:08 — Settings/Settings / Appearance/main/settings/settings-box/settings-list/Settings / Details/accent-colors/icon,icon,UI / Icon
Instance property,08 — Settings:4016:4168:UI / Icon,icon style,Icon
Instance property value,08 — Settings:4016:4168:UI / Icon/Icon,circle,Circle
Node,08 — Settings:4016:4169:08 — Settings/Settings / Appearance/main/settings/settings-box/settings-list/Settings / Details/accent-colors/icon,icon,UI / Icon
Instance property,08 — Settings:4016:4169:UI / Icon,icon style,Icon
Instance property value,08 — Settings:4016:4169:UI / Icon/Icon,circle,Circle
Node,08 — Settings:4016:4170:08 — Settings/Settings / Appearance/main/settings/settings-box/settings-list/Settings / Details/accent-colors/icon,icon,UI / Icon
Instance property,08 — Settings:4016:4170:UI / Icon,icon style,Icon
Instance property value,08 — Settings:4016:4170:UI / Icon/Icon,circle,Circle
Node,08 — Settings:4016:4171:08 — Settings/Settings / Appearance/main/settings/settings-box/settings-list/Settings / Details/accent-colors/icon,icon,UI / Icon
Instance property,08 — Settings:4016:4171:UI / Icon,icon style,Icon
Instance property value,08 — Settings:4016:4171:UI / Icon/Icon,circle,Circle
Node,10 — Compare / Result:2001:3851:10 — Compare / Result/Compare / Result/sidebar/Sidebar / Sidebar,Sidebar / Sidebar,Navigation / Sidebar
Node,10 — Compare / Result:I2001:3851;14:679:10 — Compare / Result/Compare / Result/sidebar/Navigation / Sidebar/Sidebar / Nav Item,Sidebar / Nav Item,Navigation / Item
Instance property,10 — Compare / Result:I2001:3851;14:679:Navigation / Item,state,State
Instance property value,10 — Compare / Result:I2001:3851;14:679:Navigation / Item/State,disabled,Disabled
Instance property,10 — Compare / Result:I2001:3851;14:679:Navigation / Item,size,Size
Instance property value,10 — Compare / Result:I2001:3851;14:679:Navigation / Item/Size,large,Large
Node,10 — Compare / Result:I2001:3851;14:682:10 — Compare / Result/Compare / Result/sidebar/Navigation / Sidebar/Sidebar / Nav Item,Sidebar / Nav Item,Navigation / Item
Instance property,10 — Compare / Result:I2001:3851;14:682:Navigation / Item,state,State
Instance property value,10 — Compare / Result:I2001:3851;14:682:Navigation / Item/State,disabled,Disabled
Instance property,10 — Compare / Result:I2001:3851;14:682:Navigation / Item,size,Size
Instance property value,10 — Compare / Result:I2001:3851;14:682:Navigation / Item/Size,large,Large
Node,10 — Compare / Result:I2001:3851;14:684:10 — Compare / Result/Compare / Result/sidebar/Navigation / Sidebar/Sidebar / Nav Item,Sidebar / Nav Item,Navigation / Item
Instance property,10 — Compare / Result:I2001:3851;14:684:Navigation / Item,state,State
Instance property value,10 — Compare / Result:I2001:3851;14:684:Navigation / Item/State,active,Active
Instance property,10 — Compare / Result:I2001:3851;14:684:Navigation / Item,size,Size
Instance property value,10 — Compare / Result:I2001:3851;14:684:Navigation / Item/Size,large,Large
Node,10 — Compare / Result:I2001:3851;14:686:10 — Compare / Result/Compare / Result/sidebar/Navigation / Sidebar/Sidebar / Nav Item,Sidebar / Nav Item,Navigation / Item
Instance property,10 — Compare / Result:I2001:3851;14:686:Navigation / Item,state,State
Instance property value,10 — Compare / Result:I2001:3851;14:686:Navigation / Item/State,disabled,Disabled
Instance property,10 — Compare / Result:I2001:3851;14:686:Navigation / Item,size,Size
Instance property value,10 — Compare / Result:I2001:3851;14:686:Navigation / Item/Size,large,Large
Node,10 — Compare / Result:I2001:3851;14:688:10 — Compare / Result/Compare / Result/sidebar/Navigation / Sidebar/Sidebar / Nav Item,Sidebar / Nav Item,Navigation / Item
Instance property,10 — Compare / Result:I2001:3851;14:688:Navigation / Item,state,State
Instance property value,10 — Compare / Result:I2001:3851;14:688:Navigation / Item/State,disabled,Disabled
Instance property,10 — Compare / Result:I2001:3851;14:688:Navigation / Item,size,Size
Instance property value,10 — Compare / Result:I2001:3851;14:688:Navigation / Item/Size,large,Large
Node,10 — Compare / Result:I2001:3851;14:697:10 — Compare / Result/Compare / Result/sidebar/Navigation / Sidebar/Sidebar / Nav Item,Sidebar / Nav Item,Navigation / Item
Instance property,10 — Compare / Result:I2001:3851;14:697:Navigation / Item,state,State
Instance property value,10 — Compare / Result:I2001:3851;14:697:Navigation / Item/State,disabled,Disabled
Instance property,10 — Compare / Result:I2001:3851;14:697:Navigation / Item,size,Size
Instance property value,10 — Compare / Result:I2001:3851;14:697:Navigation / Item/Size,large,Large
Instance property value,10 — Compare / Result:2001:3854:topbar/Module,model only,Model Only
Node,10 — Compare / Result:I2001:3854;4010:4232:10 — Compare / Result/Compare / Result/main/feedback-content/topbar/Model Bar,Model Bar,UI / Model Bar
Instance property value,10 — Compare / Result:I2001:3854;4010:4232;73:1125:UI / Status Badge/Status,active,Active
Instance property,10 — Compare / Result:2001:3855:header,type,Type
Instance property value,10 — Compare / Result:2001:3855:header/Type,header with toolbar,Header with Toolbar
Node,10 — Compare / Result:I2001:3855;93:8727;93:8696:10 — Compare / Result/Compare / Result/main/feedback-content/header/Project / Toolbar/Button,Button,UI / Button
Node,10 — Compare / Result:2001:3856:10 — Compare / Result/Compare / Result/main/feedback-content/section-imprint,section-imprint,feedback-panel
Instance property value,10 — Compare / Result:2001:3856:feedback-panel/Module,compare feedback,Compare Result
Node,10 — Compare / Result:I2001:3856;4015:3406:10 — Compare / Result/Compare / Result/main/feedback-content/feedback-panel/file-box/Feedback / File Box,Feedback / File Box,Feedback / File
Node,10 — Compare / Result:I2001:3856;4015:3683:10 — Compare / Result/Compare / Result/main/feedback-content/feedback-panel/feedback/feedback-meta/Recommendations/Headers / Section Title,Headers / Section Title,UI / Section Title
Node,10 — Compare / Result:I2001:3856;4015:3683;4013:2571:10 — Compare / Result/Compare / Result/main/feedback-content/feedback-panel/feedback/feedback-meta/Recommendations/UI / Section Title/Dividers / Horizontal,Dividers / Horizontal,UI / Divider / Horizontal
Instance property,10 — Compare / Result:I2001:3856;4015:3757:reply,form,Type
Instance property value,10 — Compare / Result:I2001:3856;4015:3757:reply/Type,textarea-skyline,Textarea Skyline
Node,10 — Compare / Result:I2001:3856;4015:3684:10 — Compare / Result/Compare / Result/main/feedback-content/feedback-panel/feedback/feedback-meta/Recommendations/Compare / Recommended Bar,Compare / Recommended Bar,Compare / Recommendation
Node,10 — Compare / Result:I2001:3856;4015:3684;4015:2625:10 — Compare / Result/Compare / Result/main/feedback-content/feedback-panel/feedback/feedback-meta/Recommendations/Compare / Recommendation/Compare Results,Compare Results,Compare / Results
Instance property value,10 — Compare / Result:I2001:3856;4015:3684;4015:2625:Compare / Results/State,active,Active
Node,10 — Compare / Result:I2001:3856;4015:3684;4015:2625;4015:2572;4015:2531:10 — Compare / Result/Compare / Result/main/feedback-content/feedback-panel/feedback/feedback-meta/Recommendations/Compare / Recommendation/Compare / Results/compare-card-active/Image,Image,UI / Image
Instance property,10 — Compare / Result:I2001:3856;4015:3684;4015:2625;4015:2572;4015:2531:UI / Image,Value,Image
Instance property value,10 — Compare / Result:I2001:3856;4015:3684;4015:2625;4015:2572;4015:2531:UI / Image/Image,image-1,1
Node,10 — Compare / Result:I2001:3856;4015:3684;4015:2755:10 — Compare / Result/Compare / Result/main/feedback-content/feedback-panel/feedback/feedback-meta/Recommendations/Compare / Recommendation/Compare Results,Compare Results,Compare / Results
Instance property value,10 — Compare / Result:I2001:3856;4015:3684;4015:2755:Compare / Results/State,disabled,Disabled
Node,10 — Compare / Result:I2001:3856;4015:3684;4015:2755;4015:2778:10 — Compare / Result/Compare / Result/main/feedback-content/feedback-panel/feedback/feedback-meta/Recommendations/Compare / Recommendation/Compare / Results/compare-card-disabled/Image,Image,UI / Image
Instance property,10 — Compare / Result:I2001:3856;4015:3684;4015:2755;4015:2778:UI / Image,Value,Image
Instance property value,10 — Compare / Result:I2001:3856;4015:3684;4015:2755;4015:2778:UI / Image/Image,image-1,1
Node,10 — Compare / Result:I2001:3856;4015:3684;4015:2746:10 — Compare / Result/Compare / Result/main/feedback-content/feedback-panel/feedback/feedback-meta/Recommendations/Compare / Recommendation/Compare Results,Compare Results,Compare / Results
Instance property value,10 — Compare / Result:I2001:3856;4015:3684;4015:2746:Compare / Results/State,disabled,Disabled
Node,10 — Compare / Result:I2001:3856;4015:3684;4015:2746;4015:2778:10 — Compare / Result/Compare / Result/main/feedback-content/feedback-panel/feedback/feedback-meta/Recommendations/Compare / Recommendation/Compare / Results/compare-card-disabled/Image,Image,UI / Image
Instance property,10 — Compare / Result:I2001:3856;4015:3684;4015:2746;4015:2778:UI / Image,Value,Image
Instance property value,10 — Compare / Result:I2001:3856;4015:3684;4015:2746;4015:2778:UI / Image/Image,image-1,1
Node,10 — Compare / Result:I2001:3856;4015:3684;4015:2800:10 — Compare / Result/Compare / Result/main/feedback-content/feedback-panel/feedback/feedback-meta/Recommendations/Compare / Recommendation/Compare Results,Compare Results,Compare / Results
Instance property value,10 — Compare / Result:I2001:3856;4015:3684;4015:2800:Compare / Results/State,disabled,Disabled
Node,10 — Compare / Result:I2001:3856;4015:3684;4015:2800;4015:2778:10 — Compare / Result/Compare / Result/main/feedback-content/feedback-panel/feedback/feedback-meta/Recommendations/Compare / Recommendation/Compare / Results/compare-card-disabled/Image,Image,UI / Image
Instance property,10 — Compare / Result:I2001:3856;4015:3684;4015:2800;4015:2778:UI / Image,Value,Image
Instance property value,10 — Compare / Result:I2001:3856;4015:3684;4015:2800;4015:2778:UI / Image/Image,image-1,1
Node,10 — Compare / Result:I2001:3856;4015:3486:10 — Compare / Result/Compare / Result/main/feedback-content/feedback-panel/feedback/feedback-meta/Frame 6/meta-box/Headers / Section Title,Headers / Section Title,UI / Section Title
Node,10 — Compare / Result:I2001:3856;4015:3486;4013:2571:10 — Compare / Result/Compare / Result/main/feedback-content/feedback-panel/feedback/feedback-meta/Frame 6/meta-box/UI / Section Title/Dividers / Horizontal,Dividers / Horizontal,UI / Divider / Horizontal
Node,10 — Compare / Result:I2001:3856;4015:3488:10 — Compare / Result/Compare / Result/main/feedback-content/feedback-panel/feedback/feedback-meta/Frame 6/meta-box/date-created/icon,icon,UI / Icon
Instance property,10 — Compare / Result:I2001:3856;4015:3488:UI / Icon,icon style,Icon
Instance property value,10 — Compare / Result:I2001:3856;4015:3488:UI / Icon/Icon,icon-time,Time
Node,10 — Compare / Result:I2001:3856;4015:3491:10 — Compare / Result/Compare / Result/main/feedback-content/feedback-panel/feedback/feedback-meta/Frame 6/meta-box/Headers / Section Title,Headers / Section Title,UI / Section Title
Node,10 — Compare / Result:I2001:3856;4015:3491;4013:2571:10 — Compare / Result/Compare / Result/main/feedback-content/feedback-panel/feedback/feedback-meta/Frame 6/meta-box/UI / Section Title/Dividers / Horizontal,Dividers / Horizontal,UI / Divider / Horizontal
Node,10 — Compare / Result:I2001:3856;4015:3492:10 — Compare / Result/Compare / Result/main/feedback-content/feedback-panel/feedback/feedback-meta/Frame 6/meta-box/Badges / Category,Badges / Category,UI / Category Badge
Node,10 — Compare / Result:I2001:3856;4015:3492;4009:3503:10 — Compare / Result/Compare / Result/main/feedback-content/feedback-panel/feedback/feedback-meta/Frame 6/meta-box/UI / Category Badge/Label Alternative / Xxtra Small 9.6px,Label Alternative / Xxtra Small 9.6px,Label Alternative / Extra Small 9.6px
Node,10 — Compare / Result:I2001:3856;4015:3501:10 — Compare / Result/Compare / Result/main/feedback-content/feedback-panel/feedback/feedback-meta/meta-box/Headers / Section Title,Headers / Section Title,UI / Section Title
Node,10 — Compare / Result:I2001:3856;4015:3501;4013:2571:10 — Compare / Result/Compare / Result/main/feedback-content/feedback-panel/feedback/feedback-meta/meta-box/UI / Section Title/Dividers / Horizontal,Dividers / Horizontal,UI / Divider / Horizontal
Node,10 — Compare / Result:I2001:3856;4015:3495:10 — Compare / Result/Compare / Result/main/feedback-content/feedback-panel/feedback/feedback-meta/Frame 7/meta-box/Headers / Section Title,Headers / Section Title,UI / Section Title
Node,10 — Compare / Result:I2001:3856;4015:3495;4013:2571:10 — Compare / Result/Compare / Result/main/feedback-content/feedback-panel/feedback/feedback-meta/Frame 7/meta-box/UI / Section Title/Dividers / Horizontal,Dividers / Horizontal,UI / Divider / Horizontal
Node,10 — Compare / Result:I2001:3856;4015:3498:10 — Compare / Result/Compare / Result/main/feedback-content/feedback-panel/feedback/feedback-meta/Frame 7/meta-box/Headers / Section Title,Headers / Section Title,UI / Section Title
Node,10 — Compare / Result:I2001:3856;4015:3498;4013:2571:10 — Compare / Result/Compare / Result/main/feedback-content/feedback-panel/feedback/feedback-meta/Frame 7/meta-box/UI / Section Title/Dividers / Horizontal,Dividers / Horizontal,UI / Divider / Horizontal
Instance property,10 — Compare / Result:I2001:3856;4015:3499:prompt-selector,form,Type
Instance property value,10 — Compare / Result:I2001:3856;4015:3499:prompt-selector/Type,selector,Selector
Node,10 — Compare / Result:I2001:3856;4015:3499;73:1190:10 — Compare / Result/Compare / Result/main/feedback-content/feedback-panel/feedback/feedback-meta/Frame 7/meta-box/prompt-selector/icon,icon,UI / Icon
Instance property,10 — Compare / Result:I2001:3856;4015:3499;73:1190:UI / Icon,icon style,Icon
Instance property value,10 — Compare / Result:I2001:3856;4015:3499;73:1190:UI / Icon/Icon,chevron-down,Chevron Down
Instance property,10 — Compare / Result:I2001:3857;48:822;73:1465:Chat / Toolbar,Icon Type,Icon
Instance property,10 — Compare / Result:I2001:3857;48:822;73:1466:Chat / Toolbar,Icon Type,Icon
Instance property,10 — Compare / Result:I2001:3857;48:822;73:1467:Chat / Toolbar,Icon Type,Icon
Instance property value,10 — Compare / Result:I2001:3857;48:822;73:1467:Chat / Toolbar/Icon,Reresh,Refresh
Instance property,10 — Compare / Result:I2001:3857;48:822;73:1499:Chat / Toolbar,Icon Type,Icon
Instance property,10 — Compare / Result:I2001:3857;48:822;73:1500:Chat / Toolbar,Icon Type,Icon
Instance property,10 — Compare / Result:I2001:3857;48:822;73:1501:Chat / Toolbar,Icon Type,Icon
Instance property value,10 — Compare / Result:I2001:3857;48:822;73:1501:Chat / Toolbar/Icon,Reresh,Refresh
Instance property,10 — Compare / Result:I2001:3857;4002:1699;4002:1572:add-files,icon style,Icon
Instance property value,10 — Compare / Result:I2001:3857;4002:1699;4002:1572:add-files/Icon,plus,Plus
Node,10 — Compare / Result:I2001:3857;4002:1699;4002:1574;73:1550:10 — Compare / Result/Compare / Result/main/prompt-section/Prompt / Editor/prompt-textarea-group/prompt-metadata-bar/Prompt / Model Selector/icon,icon,UI / Icon
Instance property,10 — Compare / Result:I2001:3857;4002:1699;4002:1574;73:1550:UI / Icon,icon style,Icon
Instance property value,10 — Compare / Result:I2001:3857;4002:1699;4002:1574;73:1550:UI / Icon/Icon,chevron-down,Chevron Down
Instance property,10 — Compare / Result:I2001:3857;4002:1699;4002:1694:enter-button,state,State
Node,10 — Compare / Result:I2001:3857;4002:1699;4002:1694;73:1199:10 — Compare / Result/Compare / Result/main/prompt-section/Prompt / Editor/prompt-textarea-group/prompt-metadata-bar/enter-button/icon,icon,UI / Icon
Instance property,10 — Compare / Result:I2001:3857;4002:1699;4002:1694;73:1199:UI / Icon,icon style,Icon
Instance property value,10 — Compare / Result:I2001:3857;4002:1699;4002:1694;73:1199:UI / Icon/Icon,arrow-up,Arrow Up
Node,10 — Compare / Result:2001:3859:10 — Compare / Result/Compare / Result/main/save-button/Button,Button,UI / Button
Node,Components:74:1860:Components/Director Elements/Feedback / File Box,Feedback / File Box,Feedback / File
Variant options,Components:77:3962:Feedback / Module/Module,"{""type"": ""VARIANT"", ""defaultValue"": ""Feedback"", ""variantOptions"": [""Feedback"", ""Compare"", ""Saved"", ""compare feedback""]}","{""type"": ""VARIANT"", ""defaultValue"": ""Feedback"", ""variantOptions"": [""Feedback"", ""Compare"", ""Saved"", ""Compare Result""]}"
Node,Components:4015:3404:Components/Director Elements/Feedback / Module/Module=compare feedback,Module=compare feedback,Module=Compare Result
Node,Components:77:4061:Components/Director Elements/Feedback / Feedback Panel,Feedback / Feedback Panel,Feedback / Panel
Variant options,Components:77:4061:Feedback / Panel/Module,"{""type"": ""VARIANT"", ""defaultValue"": ""section-imprint"", ""variantOptions"": [""tab navigation"", ""section-imprint""]}","{""type"": ""VARIANT"", ""defaultValue"": ""Feedback"", ""variantOptions"": [""Tabs"", ""Feedback""]}"
Node,Components:77:4060:Components/Director Elements/Feedback / Panel/Module=tab navigation,Module=tab navigation,Module=Tabs
Node,Components:77:4059:Components/Director Elements/Feedback / Panel/Module=section-imprint,Module=section-imprint,Module=Feedback
Node,Components:4015:2807:Components/Director Elements/Compare / Recommended Bar,Compare / Recommended Bar,Compare / Recommendation
Node,Components:4015:2625:Components/Director Elements/Compare / Recommendation/Compare Results,Compare Results,Compare / Results
Instance property value,Components:4015:2625:Compare / Results/State,active,Active
Node,Components:I4015:2625;4015:2572;4015:2531:Components/Director Elements/Compare / Recommendation/Compare / Results/compare-card-active/Image,Image,UI / Image
Instance property,Components:I4015:2625;4015:2572;4015:2531:UI / Image,Value,Image
Instance property value,Components:I4015:2625;4015:2572;4015:2531:UI / Image/Image,image-1,1
Node,Components:4015:2755:Components/Director Elements/Compare / Recommendation/Compare Results,Compare Results,Compare / Results
Instance property value,Components:4015:2755:Compare / Results/State,disabled,Disabled
Node,Components:I4015:2755;4015:2778:Components/Director Elements/Compare / Recommendation/Compare / Results/compare-card-disabled/Image,Image,UI / Image
Instance property,Components:I4015:2755;4015:2778:UI / Image,Value,Image
Instance property value,Components:I4015:2755;4015:2778:UI / Image/Image,image-1,1
Node,Components:4015:2746:Components/Director Elements/Compare / Recommendation/Compare Results,Compare Results,Compare / Results
Instance property value,Components:4015:2746:Compare / Results/State,disabled,Disabled
Node,Components:I4015:2746;4015:2778:Components/Director Elements/Compare / Recommendation/Compare / Results/compare-card-disabled/Image,Image,UI / Image
Instance property,Components:I4015:2746;4015:2778:UI / Image,Value,Image
Instance property value,Components:I4015:2746;4015:2778:UI / Image/Image,image-1,1
Node,Components:4015:2800:Components/Director Elements/Compare / Recommendation/Compare Results,Compare Results,Compare / Results
Instance property value,Components:4015:2800:Compare / Results/State,disabled,Disabled
Node,Components:I4015:2800;4015:2778:Components/Director Elements/Compare / Recommendation/Compare / Results/compare-card-disabled/Image,Image,UI / Image
Instance property,Components:I4015:2800;4015:2778:UI / Image,Value,Image
Instance property value,Components:I4015:2800;4015:2778:UI / Image/Image,image-1,1
Node,Components:4015:2588:Components/Director Elements/Compare Results,Compare Results,Compare / Results
Variant options,Components:4015:2588:Compare / Results/State,"{""type"": ""VARIANT"", ""defaultValue"": ""disabled"", ""variantOptions"": [""disabled"", ""active""]}","{""type"": ""VARIANT"", ""defaultValue"": ""Disabled"", ""variantOptions"": [""Disabled"", ""Active""]}"
Node,Components:4015:2586:Components/Director Elements/Compare / Results/State=disabled,State=disabled,State=Disabled
Node,Components:4015:2587:Components/Director Elements/Compare / Results/State=active,State=active,State=Active
Node,Components:84:3505:Components/Typography/Label Alternative / Xxtra Small 9.6px,Label Alternative / Xxtra Small 9.6px,Label Alternative / Extra Small 9.6px
Variant options,Components:88:1128:Body / Medium 14px/Weight,"{""type"": ""VARIANT"", ""defaultValue"": ""ExtraLight"", ""variantOptions"": [""Regular"", ""Light"", ""ExtraLight"", ""Medium"", ""SemiBold"", ""Bold"", ""ExtraBold"", ""Weight8""]}","{""type"": ""VARIANT"", ""defaultValue"": ""ExtraLight"", ""variantOptions"": [""Regular"", ""Light"", ""ExtraLight"", ""Medium"", ""SemiBold"", ""Bold"", ""ExtraBold"", ""Unknown""]}"
Node,Components:4001:782:Components/Typography/Body / Medium 14px/Weight=Weight8,Weight=Weight8,Weight=Unknown
Variant options,Components:88:1209:Body / Extra Small 12px/Weight,"{""type"": ""VARIANT"", ""defaultValue"": ""ExtraLight"", ""variantOptions"": [""ExtraLight"", ""Light"", ""Regular"", ""Medium"", ""SemiBold"", ""Bold"", ""ExtraBoldy""]}","{""type"": ""VARIANT"", ""defaultValue"": ""ExtraLight"", ""variantOptions"": [""ExtraLight"", ""Light"", ""Regular"", ""Medium"", ""SemiBold"", ""Bold"", ""ExtraBold""]}"
Node,Components:88:1204:Components/Typography/Body / Extra Small 12px/Weight=ExtraBoldy,Weight=ExtraBoldy,Weight=ExtraBold
Node,Components:73:1550:Components/Prompt Composer/Prompt / Model Selector/icon,icon,UI / Icon
Instance property,Components:73:1550:UI / Icon,icon style,Icon
Instance property value,Components:73:1550:UI / Icon/Icon,chevron-down,Chevron Down
Node,Components:15:1066:Components/Prompt Composer/Prompt / Menu / Menu Item,Prompt / Menu / Menu Item,Prompt / Menu Item
Variant property,Components:15:1066:Prompt / Menu Item,state,State
Variant options,Components:15:1066:Prompt / Menu Item/State,"{""type"": ""VARIANT"", ""defaultValue"": ""default"", ""variantOptions"": [""default"", ""hover""]}","{""type"": ""VARIANT"", ""defaultValue"": ""Default"", ""variantOptions"": [""Default"", ""Hover""]}"
Node,Components:15:1065:Components/Prompt Composer/Prompt / Menu Item/state=default,state=default,State=Default
Node,Components:15:1064:Components/Prompt Composer/Prompt / Menu Item/state=hover,state=hover,State=Hover
Node,Components:2:5437:Components/Prompt Composer/Components / Prompt / Button,Components / Prompt / Button,Prompt / Button
Variant property,Components:2:5437:Prompt / Button,state,State
Variant options,Components:2:5437:Prompt / Button/State,"{""type"": ""VARIANT"", ""defaultValue"": ""Default"", ""variantOptions"": [""Default"", ""hover""]}","{""type"": ""VARIANT"", ""defaultValue"": ""Default"", ""variantOptions"": [""Default"", ""Hover""]}"
Node,Components:2:5436:Components/Prompt Composer/Prompt / Button/state=Default,state=Default,State=Default
Node,Components:2:5435:Components/Prompt Composer/Prompt / Button/state=hover,state=hover,State=Hover
Instance property,Components:73:1465:Chat / Toolbar,Icon Type,Icon
Instance property,Components:73:1466:Chat / Toolbar,Icon Type,Icon
Instance property,Components:73:1467:Chat / Toolbar,Icon Type,Icon
Instance property value,Components:73:1467:Chat / Toolbar/Icon,Reresh,Refresh
Instance property,Components:73:1499:Chat / Toolbar,Icon Type,Icon
Instance property,Components:73:1500:Chat / Toolbar,Icon Type,Icon
Instance property,Components:73:1501:Chat / Toolbar,Icon Type,Icon
Instance property value,Components:73:1501:Chat / Toolbar/Icon,Reresh,Refresh
Instance property,Components:I48:822;73:1465:Chat / Toolbar,Icon Type,Icon
Instance property,Components:I48:822;73:1466:Chat / Toolbar,Icon Type,Icon
Instance property,Components:I48:822;73:1467:Chat / Toolbar,Icon Type,Icon
Instance property value,Components:I48:822;73:1467:Chat / Toolbar/Icon,Reresh,Refresh
Instance property,Components:I48:822;73:1499:Chat / Toolbar,Icon Type,Icon
Instance property,Components:I48:822;73:1500:Chat / Toolbar,Icon Type,Icon
Instance property,Components:I48:822;73:1501:Chat / Toolbar,Icon Type,Icon
Instance property value,Components:I48:822;73:1501:Chat / Toolbar/Icon,Reresh,Refresh
Instance property,Components:I4002:1699;4002:1572:add-files,icon style,Icon
Instance property value,Components:I4002:1699;4002:1572:add-files/Icon,plus,Plus
Node,Components:I4002:1699;4002:1574;73:1550:Components/Prompt Composer/Chat / Composer/Prompt / Editor/prompt-textarea-group/prompt-metadata-bar/Prompt / Model Selector/icon,icon,UI / Icon
Instance property,Components:I4002:1699;4002:1574;73:1550:UI / Icon,icon style,Icon
Instance property value,Components:I4002:1699;4002:1574;73:1550:UI / Icon/Icon,chevron-down,Chevron Down
Instance property,Components:I4002:1699;4002:1694:enter-button,state,State
Node,Components:I4002:1699;4002:1694;73:1199:Components/Prompt Composer/Chat / Composer/Prompt / Editor/prompt-textarea-group/prompt-metadata-bar/enter-button/icon,icon,UI / Icon
Instance property,Components:I4002:1699;4002:1694;73:1199:UI / Icon,icon style,Icon
Instance property value,Components:I4002:1699;4002:1694;73:1199:UI / Icon/Icon,arrow-up,Arrow Up
Node,Components:73:1346:Components/Prompt Composer/Components / Chat / Toolbar,Components / Chat / Toolbar,Chat / Toolbar
Variant property,Components:73:1346:Chat / Toolbar,Icon Type,Icon
Variant options,Components:73:1346:Chat / Toolbar/Icon,"{""type"": ""VARIANT"", ""defaultValue"": ""Copy"", ""variantOptions"": [""Reresh"", ""Edit"", ""Copy""]}","{""type"": ""VARIANT"", ""defaultValue"": ""Copy"", ""variantOptions"": [""Refresh"", ""Edit"", ""Copy""]}"
Node,"Components:73:1341:Components/Prompt Composer/Chat / Toolbar/State=Default, Icon Type=Copy","State=Default, Icon Type=Copy","State=Default, Icon=Copy"
Node,"Components:73:1343:Components/Prompt Composer/Chat / Toolbar/State=Default, Icon Type=Edit","State=Default, Icon Type=Edit","State=Default, Icon=Edit"
Node,"Components:73:1345:Components/Prompt Composer/Chat / Toolbar/State=Default, Icon Type=Reresh","State=Default, Icon Type=Reresh","State=Default, Icon=Refresh"
Node,"Components:73:1340:Components/Prompt Composer/Chat / Toolbar/State=Hover, Icon Type=Copy","State=Hover, Icon Type=Copy","State=Hover, Icon=Copy"
Node,"Components:73:1342:Components/Prompt Composer/Chat / Toolbar/State=Hover, Icon Type=Edit","State=Hover, Icon Type=Edit","State=Hover, Icon=Edit"
Node,"Components:73:1344:Components/Prompt Composer/Chat / Toolbar/State=Hover, Icon Type=Reresh","State=Hover, Icon Type=Reresh","State=Hover, Icon=Refresh"
Instance property,Components:4002:1572:add-files,icon style,Icon
Instance property value,Components:4002:1572:add-files/Icon,plus,Plus
Node,Components:I4002:1574;73:1550:Components/Prompt Composer/Prompt / Editor/prompt-textarea-group/prompt-metadata-bar/Prompt / Model Selector/icon,icon,UI / Icon
Instance property,Components:I4002:1574;73:1550:UI / Icon,icon style,Icon
Instance property value,Components:I4002:1574;73:1550:UI / Icon/Icon,chevron-down,Chevron Down
Instance property,Components:4002:1694:enter-button,state,State
Node,Components:I4002:1694;73:1199:Components/Prompt Composer/Prompt / Editor/prompt-textarea-group/prompt-metadata-bar/enter-button/icon,icon,UI / Icon
Instance property,Components:I4002:1694;73:1199:UI / Icon,icon style,Icon
Instance property value,Components:I4002:1694;73:1199:UI / Icon/Icon,arrow-up,Arrow Up
Node,Components:15:1067:Components/Prompt Composer/Prompt / Menu/dropdown-item-list/Prompt / Menu / Menu Item,Prompt / Menu / Menu Item,Prompt / Menu Item
Instance property,Components:15:1067:Prompt / Menu Item,state,State
Instance property value,Components:15:1067:Prompt / Menu Item/State,default,Default
Node,Components:15:1071:Components/Prompt Composer/Prompt / Menu/dropdown-item-list/Prompt / Menu / Menu Item,Prompt / Menu / Menu Item,Prompt / Menu Item
Instance property,Components:15:1071:Prompt / Menu Item,state,State
Instance property value,Components:15:1071:Prompt / Menu Item/State,hover,Hover
Node,Components:93:8942:Components/Quick View / Side Drawer,Quick View / Side Drawer,Quick View / Drawer
Instance property,Components:93:8921:close,icon-type,Icon
Instance property value,Components:93:8921:close/Icon,button-close,Close
Node,Components:4011:5519:Components/Quick View / Drawer/side-drawer-header/catagory / badges,catagory / badges,category-badges
Node,Components:4011:5520:Components/Quick View / Drawer/side-drawer-header/category-badges/Badges / Category,Badges / Category,UI / Category Badge
Node,Components:I4011:5520;4009:3503:Components/Quick View / Drawer/side-drawer-header/category-badges/UI / Category Badge/Label Alternative / Xxtra Small 9.6px,Label Alternative / Xxtra Small 9.6px,Label Alternative / Extra Small 9.6px
Node,Components:4011:5521:Components/Quick View / Drawer/side-drawer-header/category-badges/Badges / Category,Badges / Category,UI / Category Badge
Instance property value,Components:4011:5521:UI / Category Badge/Color,Stale,Slate
Node,Components:I4011:5521;4010:4315:Components/Quick View / Drawer/side-drawer-header/category-badges/UI / Category Badge/Label Alternative / Xxtra Small 9.6px,Label Alternative / Xxtra Small 9.6px,Label Alternative / Extra Small 9.6px
Instance property,Components:4011:5551:Form / Field,form,Type
Instance property value,Components:4011:5551:Form / Field/Type,textarea-skyline,Textarea Skyline
Node,Components:4011:5541:Components/Quick View / Drawer/prompt-reply/Button,Button,UI / Button
Instance property,Components:4011:5564:Form / Field,form,Type
Instance property value,Components:4011:5564:Form / Field/Type,textarea-skyline,Textarea Skyline
Node,Components:4008:1130:Components/Modal/Edit,Edit,Modal / Edit
Instance property,Components:4008:940:Form / Field,form,Type
Instance property value,Components:4008:940:Form / Field/Type,input,Input
Instance property,Components:4008:946:Form / Field,form,Type
Instance property value,Components:4008:946:Form / Field/Type,input,Input
Instance property,Components:4008:952:Form / Field,form,Type
Instance property value,Components:4008:952:Form / Field/Type,textarea,Textarea
Node,Components:4008:1131:Components/Modal/Background,Background,Modal / Background
Node,Components:2:5116:Components/Form/Field,Field,Form / Field
Variant property,Components:2:5116:Form / Field,form,Type
Variant options,Components:2:5116:Form / Field/Type,"{""type"": ""VARIANT"", ""defaultValue"": ""selector"", ""variantOptions"": [""input"", ""textarea"", ""selector"", ""textarea-skyline""]}","{""type"": ""VARIANT"", ""defaultValue"": ""Selector"", ""variantOptions"": [""Input"", ""Textarea"", ""Selector"", ""Textarea Skyline""]}"
Node,Components:2:5113:Components/Form/Form / Field/form=selector,form=selector,Type=Selector
Node,Components:2:5115:Components/Form/Form / Field/form=input,form=input,Type=Input
Node,Components:2:5114:Components/Form/Form / Field/form=textarea,form=textarea,Type=Textarea
Node,Components:47:622:Components/Form/Form / Field/form=textarea-skyline,form=textarea-skyline,Type=Textarea Skyline
Node,Components:4013:3534:Components/Form/Search Bar,Search Bar,Form / Search
Instance property,Components:4013:3519:Form / Field,form,Type
Instance property value,Components:4013:3519:Form / Field/Type,input,Input
Instance property,Components:4013:3526:Form / Field,form,Type
Instance property value,Components:4013:3526:Form / Field/Type,input,Input
Node,Components:4013:4082:Components/Form/Form / Search/Label/icon,icon,UI / Icon
Instance property,Components:4013:4082:UI / Icon,icon style,Icon
Node,Components:31:1242:Components/UI/Headers / Headers,Headers / Headers,UI / Header
Variant property,Components:31:1242:UI / Header,type,Type
Variant options,Components:31:1242:UI / Header/Type,"{""type"": ""VARIANT"", ""defaultValue"": ""Header"", ""variantOptions"": [""Header"", ""Header with badges"", ""header with logo"", ""header with toolbar"", ""Header full toolbar""]}","{""type"": ""VARIANT"", ""defaultValue"": ""Header"", ""variantOptions"": [""Header"", ""Header with badges"", ""Header with Logo"", ""Header with Toolbar"", ""Header Full Toolbar""]}"
Node,Components:31:1241:Components/UI/UI / Header/type=Header,type=Header,Type=Header
Node,Components:77:4502:Components/UI/UI / Header/type=header with toolbar,type=header with toolbar,Type=Header with Toolbar
Node,Components:48:1014:Components/UI/UI / Header/type=header with logo,type=header with logo,Type=Header with Logo
Node,Components:31:1240:Components/UI/UI / Header/type=Header with badges,type=Header with badges,Type=Header with badges
Node,Components:93:8701:Components/UI/UI / Header/type=Header full toolbar,type=Header full toolbar,Type=Header Full Toolbar
Node,Components:26:571:Components/UI/Model Bar,Model Bar,UI / Model Bar
Instance property value,Components:73:1125:UI / Status Badge/Status,active,Active
Node,Components:73:690:Components/UI/Button,Button,UI / Button
Node,Components:73:1124:Components/UI/Status Badge,Status Badge,UI / Status Badge
Variant options,Components:73:1124:UI / Status Badge/Status,"{""type"": ""VARIANT"", ""defaultValue"": ""active"", ""variantOptions"": [""active"", ""idle"", ""alert""]}","{""type"": ""VARIANT"", ""defaultValue"": ""Active"", ""variantOptions"": [""Active"", ""idle"", ""alert""]}"
Node,Components:73:1123:Components/UI/UI / Status Badge/Status=active,Status=active,Status=Active
Node,Components:77:4291:Components/UI/Top Bar,Top Bar,UI / Top Bar
Variant options,Components:77:4291:UI / Top Bar/Module,"{""type"": ""VARIANT"", ""defaultValue"": ""top bar with link"", ""variantOptions"": [""top bar with link"", ""model only"", ""Model with ogo""]}","{""type"": ""VARIANT"", ""defaultValue"": ""Top Bar with Link"", ""variantOptions"": [""Top Bar with Link"", ""Model Only"", ""Model with Logo""]}"
Node,Components:48:964:Components/UI/UI / Top Bar/Module=top bar with link,Module=top bar with link,Module=Top Bar with Link
Node,Components:77:4292:Components/UI/UI / Top Bar/Module=model only,Module=model only,Module=Model Only
Node,Components:93:12420:Components/UI/UI / Top Bar/Module=Model with ogo,Module=Model with ogo,Module=Model with Logo
Node,Components:58:533:Components/UI/Image,Image,UI / Image
Variant property,Components:58:533:UI / Image,Value,Image
Variant options,Components:58:533:UI / Image/Image,"{""type"": ""VARIANT"", ""defaultValue"": ""image-1"", ""variantOptions"": [""image-6"", ""image-5"", ""image-4"", ""image-3"", ""image-2"", ""image-1""]}","{""type"": ""VARIANT"", ""defaultValue"": ""1"", ""variantOptions"": [""6"", ""5"", ""4"", ""3"", ""2"", ""1""]}"
Node,Components:58:532:Components/UI/UI / Image/Value=image-6,Value=image-6,Image=6
Node,Components:58:531:Components/UI/UI / Image/Value=image-5,Value=image-5,Image=5
Node,Components:58:529:Components/UI/UI / Image/Value=image-4,Value=image-4,Image=4
Node,Components:58:530:Components/UI/UI / Image/Value=image-3,Value=image-3,Image=3
Node,Components:58:528:Components/UI/UI / Image/Value=image-2,Value=image-2,Image=2
Node,Components:58:527:Components/UI/UI / Image/Value=image-1,Value=image-1,Image=1
Node,Components:93:8832:Components/UI/Project / Toolbar/toolbar-actions/Project / Toolbar,Project / Toolbar,Project / Toolbar Action
Instance property,Components:93:8832:Project / Toolbar Action,state,State
Instance property,Components:93:8832:Project / Toolbar Action,Icon Type,Icon
Node,Components:93:8687:Components/UI/Project / Toolbar/toolbar-actions/Project / Toolbar,Project / Toolbar,Project / Toolbar Action
Instance property,Components:93:8687:Project / Toolbar Action,state,State
Instance property,Components:93:8687:Project / Toolbar Action,Icon Type,Icon
Node,Components:93:8688:Components/UI/Project / Toolbar/toolbar-actions/Project / Toolbar,Project / Toolbar,Project / Toolbar Action
Instance property,Components:93:8688:Project / Toolbar Action,state,State
Instance property,Components:93:8688:Project / Toolbar Action,Icon Type,Icon
Instance property value,Components:93:8688:Project / Toolbar Action/Icon,Reresh,Refresh
Node,Components:93:8696:Components/UI/Project / Toolbar/Button,Button,UI / Button
Node,Components:93:8627:Components/UI/Project / Toolbar,Project / Toolbar,Project / Toolbar Action
Variant property,Components:93:8627:Project / Toolbar Action,state,State
Variant options,Components:93:8627:Project / Toolbar Action/State,"{""type"": ""VARIANT"", ""defaultValue"": ""Default"", ""variantOptions"": [""Default"", ""Hover"", ""Hove""]}","{""type"": ""VARIANT"", ""defaultValue"": ""Default"", ""variantOptions"": [""Default"", ""Hover"", ""Hover""]}"
Variant property,Components:93:8627:Project / Toolbar Action,Icon Type,Icon
Variant options,Components:93:8627:Project / Toolbar Action/Icon,"{""type"": ""VARIANT"", ""defaultValue"": ""Edit"", ""variantOptions"": [""Reresh"", ""Edit"", ""Favorite""]}","{""type"": ""VARIANT"", ""defaultValue"": ""Edit"", ""variantOptions"": [""Refresh"", ""Edit"", ""Favorite""]}"
Node,"Components:93:8632:Components/UI/Project / Toolbar Action/state=Default, Icon Type=Edit","state=Default, Icon Type=Edit","State=Default, Icon=Edit"
Node,"Components:93:8850:Components/UI/Project / Toolbar Action/state=Hover, Icon Type=Edit","state=Hover, Icon Type=Edit","State=Hover, Icon=Edit"
Node,"Components:93:8636:Components/UI/Project / Toolbar Action/state=Default, Icon Type=Favorite","state=Default, Icon Type=Favorite","State=Default, Icon=Favorite"
Node,"Components:93:8852:Components/UI/Project / Toolbar Action/state=Hove, Icon Type=Favorite","state=Hove, Icon Type=Favorite","State=Hover, Icon=Favorite"
Node,"Components:93:8634:Components/UI/Project / Toolbar Action/state=Default, Icon Type=Reresh","state=Default, Icon Type=Reresh","State=Default, Icon=Refresh"
Node,"Components:93:8854:Components/UI/Project / Toolbar Action/state=Hover, Icon Type=Reresh","state=Hover, Icon Type=Reresh","State=Hover, Icon=Refresh"
Node,Components:72:652:Components/UI/icon,icon,UI / Icon
Variant property,Components:72:652:UI / Icon,icon style,Icon
Variant options,Components:72:652:UI / Icon/Icon,"{""type"": ""VARIANT"", ""defaultValue"": ""pencil"", ""variantOptions"": [""pencil"", ""star"", ""paper-clip"", ""bin"", ""loop-reload"", ""copy"", ""chevron-down"", ""chevron-up"", ""chevron-left"", ""chevron-right"", ""arrow-up"", ""arrow-down"", ""arrow-left"", ""arrow-right"", ""plus"", ""close"", ""tiny-dot"", ""three-dots"", ""icon-film"", ""left-indent-image"", ""view"", ""icon-time"", ""Input"", ""circle""]}","{""type"": ""VARIANT"", ""defaultValue"": ""Pencil"", ""variantOptions"": [""Pencil"", ""Star"", ""Paper Clip"", ""Bin"", ""Refresh"", ""Copy"", ""Chevron Down"", ""Chevron Up"", ""Chevron Left"", ""Chevron Right"", ""Arrow Up"", ""Arrow Down"", ""Arrow Left"", ""Arrow Right"", ""Plus"", ""Close"", ""Dot"", ""More"", ""Icon Film"", ""Left Indent Image"", ""View"", ""Time"", ""Input"", ""Circle""]}"
Node,Components:72:646:Components/UI/UI / Icon/icon style=pencil,icon style=pencil,Icon=Pencil
Node,Components:72:651:Components/UI/UI / Icon/icon style=star,icon style=star,Icon=Star
Node,Components:72:642:Components/UI/UI / Icon/icon style=paper-clip,icon style=paper-clip,Icon=Paper Clip
Node,Components:72:647:Components/UI/UI / Icon/icon style=bin,icon style=bin,Icon=Bin
Node,Components:72:649:Components/UI/UI / Icon/icon style=loop-reload,icon style=loop-reload,Icon=Refresh
Node,Components:72:645:Components/UI/UI / Icon/icon style=copy,icon style=copy,Icon=Copy
Node,Components:72:644:Components/UI/UI / Icon/icon style=chevron-down,icon style=chevron-down,Icon=Chevron Down
Node,Components:72:643:Components/UI/UI / Icon/icon style=chevron-up,icon style=chevron-up,Icon=Chevron Up
Node,Components:72:640:Components/UI/UI / Icon/icon style=chevron-left,icon style=chevron-left,Icon=Chevron Left
Node,Components:72:650:Components/UI/UI / Icon/icon style=chevron-right,icon style=chevron-right,Icon=Chevron Right
Node,Components:72:639:Components/UI/UI / Icon/icon style=arrow-up,icon style=arrow-up,Icon=Arrow Up
Node,Components:72:638:Components/UI/UI / Icon/icon style=arrow-down,icon style=arrow-down,Icon=Arrow Down
Node,Components:72:637:Components/UI/UI / Icon/icon style=arrow-left,icon style=arrow-left,Icon=Arrow Left
Node,Components:72:641:Components/UI/UI / Icon/icon style=arrow-right,icon style=arrow-right,Icon=Arrow Right
Node,Components:72:636:Components/UI/UI / Icon/icon style=plus,icon style=plus,Icon=Plus
Node,Components:72:648:Components/UI/UI / Icon/icon style=close,icon style=close,Icon=Close
Node,Components:91:3891:Components/UI/UI / Icon/icon style=tiny-dot,icon style=tiny-dot,Icon=Dot
Node,Components:91:4026:Components/UI/UI / Icon/icon style=three-dots,icon style=three-dots,Icon=More
Node,Components:93:8170:Components/UI/UI / Icon/icon style=icon-film,icon style=icon-film,Icon=Icon Film
Node,Components:93:8171:Components/UI/UI / Icon/icon style=left-indent-image,icon style=left-indent-image,Icon=Left Indent Image
Node,Components:93:8482:Components/UI/UI / Icon/icon style=view,icon style=view,Icon=View
Node,Components:4008:2596:Components/UI/UI / Icon/icon style=icon-time,icon style=icon-time,Icon=Time
Node,Components:4013:3742:Components/UI/UI / Icon/icon style=Input,icon style=Input,Icon=Input
Node,Components:4014:4581:Components/UI/UI / Icon/icon style=circle,icon style=circle,Icon=Circle
Node,Components:81:4904:Components/UI/Dividers / Horizontal,Dividers / Horizontal,UI / Divider / Horizontal
Node,Components:4002:1689:Components/UI/Dividers / Verticle,Dividers / Verticle,UI / Divider / Vertical
Node,Components:4002:1687:Components/UI/UI / Divider / Vertical/verticle-divider,verticle-divider,vertical-divider
Node,Components:4007:4111:Components/UI/Status Bar,Status Bar,UI / Status Bar
Node,Components:93:8246:Components/UI/File Thumb,File Thumb,UI / File Thumb
Variant property,Components:93:8246:UI / File Thumb,state,State
Node,Components:93:8245:Components/UI/UI / File Thumb/state=Default,state=Default,State=Default
Node,Components:93:8244:Components/UI/UI / File Thumb/state=Hover,state=Hover,State=Hover
Node,Components:32:1321:Components/UI/Cards / Card,Cards / Card,UI / Card
Node,Components:91:4048:Components/UI/UI / Card/header/icon,icon,UI / Icon
Instance property,Components:91:4048:UI / Icon,icon style,Icon
Instance property value,Components:91:4048:UI / Icon/Icon,three-dots,More
Node,Components:4009:3745:Components/UI/UI / Card/Button,Button,UI / Button
Node,Components:93:8490:Components/UI/Grid Thumbnails,Grid Thumbnails,UI / Grid Thumbnail
Variant property,Components:93:8490:UI / Grid Thumbnail,state,State
Variant options,Components:93:8490:UI / Grid Thumbnail/State,"{""type"": ""VARIANT"", ""defaultValue"": ""default"", ""variantOptions"": [""default"", ""hover"", ""active""]}","{""type"": ""VARIANT"", ""defaultValue"": ""Default"", ""variantOptions"": [""Default"", ""Hover"", ""Active""]}"
Node,Components:93:8489:Components/UI/UI / Grid Thumbnail/state=default,state=default,State=Default
Node,Components:93:8488:Components/UI/UI / Grid Thumbnail/state=hover,state=hover,State=Hover
Node,Components:93:8487:Components/UI/UI / Grid Thumbnail/state=active,state=active,State=Active
Node,Components:93:9123:Components/UI/List Item,List Item,UI / List Item
Node,Components:93:9110:Components/UI/UI / List Item/toolbar/icon,icon,UI / Icon
Instance property,Components:93:9110:UI / Icon,icon style,Icon
Instance property value,Components:93:9110:UI / Icon/Icon,pencil,Pencil
Node,Components:93:9104:Components/UI/UI / List Item/toolbar/icon,icon,UI / Icon
Instance property,Components:93:9104:UI / Icon,icon style,Icon
Instance property value,Components:93:9104:UI / Icon/Icon,bin,Bin
Node,Components:4008:3259:Components/UI/Badges / Category,Badges / Category,UI / Category Badge
Variant options,Components:4008:3259:UI / Category Badge/Color,"{""type"": ""VARIANT"", ""defaultValue"": ""Orange"", ""variantOptions"": [""Orange"", ""Green"", ""Blue"", ""Pink"", ""Toffee"", ""Stale""]}","{""type"": ""VARIANT"", ""defaultValue"": ""Orange"", ""variantOptions"": [""Orange"", ""Green"", ""Blue"", ""Pink"", ""Toffee"", ""Slate""]}"
Node,Components:4010:4314:Components/UI/UI / Category Badge/Color=Stale,Color=Stale,Color=Slate
Node,Components:4013:3153:Components/UI/Cards / Card with toolbar,Cards / Card with toolbar,UI / Card with Toolbar
Node,Components:4013:3113:Components/UI/UI / Card with Toolbar/toolbar/Badges / Category,Badges / Category,UI / Category Badge
Node,Components:I4013:3113;4009:3503:Components/UI/UI / Card with Toolbar/toolbar/UI / Category Badge/Label Alternative / Xxtra Small 9.6px,Label Alternative / Xxtra Small 9.6px,Label Alternative / Extra Small 9.6px
Node,Components:4013:3114:Components/UI/UI / Card with Toolbar/toolbar/Badges / Category,Badges / Category,UI / Category Badge
Instance property value,Components:4013:3114:UI / Category Badge/Color,Stale,Slate
Node,Components:I4013:3114;4010:4315:Components/UI/UI / Card with Toolbar/toolbar/UI / Category Badge/Label Alternative / Xxtra Small 9.6px,Label Alternative / Xxtra Small 9.6px,Label Alternative / Extra Small 9.6px
Node,Components:4013:3144:Components/UI/UI / Card with Toolbar/toolbar/toolbar-actions/Project / Toolbar,Project / Toolbar,Project / Toolbar Action
Instance property,Components:4013:3144:Project / Toolbar Action,state,State
Instance property,Components:4013:3144:Project / Toolbar Action,Icon Type,Icon
Node,Components:4013:3145:Components/UI/UI / Card with Toolbar/toolbar/toolbar-actions/icon,icon,UI / Icon
Instance property,Components:4013:3145:UI / Icon,icon style,Icon
Instance property value,Components:4013:3145:UI / Icon/Icon,copy,Copy
Node,Components:4013:3146:Components/UI/UI / Card with Toolbar/toolbar/toolbar-actions/Project / Toolbar,Project / Toolbar,Project / Toolbar Action
Instance property,Components:4013:3146:Project / Toolbar Action,state,State
Instance property,Components:4013:3146:Project / Toolbar Action,Icon Type,Icon
Instance property value,Components:4013:3146:Project / Toolbar Action/Icon,Reresh,Refresh
Instance property,Components:4013:4358:Form / Field,form,Type
Instance property value,Components:4013:4358:Form / Field/Type,input,Input
Node,Components:4011:6839:Components/UI/Project / Session Card/feedback-title/Frame 1,Frame 1,session-title
Node,Components:4011:6832:Components/UI/Project / Session Card/feedback-title/session-title/icon,icon,UI / Icon
Instance property,Components:4011:6832:UI / Icon,icon style,Icon
Instance property value,Components:4011:6832:UI / Icon/Icon,left-indent-image,Left Indent Image
Node,Components:4011:6189:Components/UI/Project / Session Card/feedback-title/date-created/icon,icon,UI / Icon
Instance property,Components:4011:6189:UI / Icon,icon style,Icon
Instance property value,Components:4011:6189:UI / Icon/Icon,icon-time,Time
Node,Components:4012:7348:Components/UI/Project / Session Card/feedback-title/Frame 1,Frame 1,session-title
Node,Components:4012:7349:Components/UI/Project / Session Card/feedback-title/session-title/icon,icon,UI / Icon
Instance property,Components:4012:7349:UI / Icon,icon style,Icon
Instance property value,Components:4012:7349:UI / Icon/Icon,left-indent-image,Left Indent Image
Node,Components:4012:7352:Components/UI/Project / Session Card/feedback-title/date-created/icon,icon,UI / Icon
Instance property,Components:4012:7352:UI / Icon,icon style,Icon
Instance property value,Components:4012:7352:UI / Icon/Icon,icon-time,Time
Node,Components:4012:7381:Components/UI/Project / Session Card/feedback-title/Frame 1,Frame 1,session-title
Node,Components:4012:7382:Components/UI/Project / Session Card/feedback-title/session-title/icon,icon,UI / Icon
Instance property,Components:4012:7382:UI / Icon,icon style,Icon
Instance property value,Components:4012:7382:UI / Icon/Icon,left-indent-image,Left Indent Image
Node,Components:4012:7385:Components/UI/Project / Session Card/feedback-title/date-created/icon,icon,UI / Icon
Instance property,Components:4012:7385:UI / Icon,icon style,Icon
Instance property value,Components:4012:7385:UI / Icon/Icon,icon-time,Time
Node,Components:4012:7414:Components/UI/Project / Session Card/feedback-title/Frame 1,Frame 1,session-title
Node,Components:4012:7415:Components/UI/Project / Session Card/feedback-title/session-title/icon,icon,UI / Icon
Instance property,Components:4012:7415:UI / Icon,icon style,Icon
Instance property value,Components:4012:7415:UI / Icon/Icon,left-indent-image,Left Indent Image
Node,Components:4012:7418:Components/UI/Project / Session Card/feedback-title/date-created/icon,icon,UI / Icon
Instance property,Components:4012:7418:UI / Icon,icon style,Icon
Instance property value,Components:4012:7418:UI / Icon/Icon,icon-time,Time
Node,Components:4012:7447:Components/UI/Project / Session Card/feedback-title/Frame 1,Frame 1,session-title
Node,Components:4012:7448:Components/UI/Project / Session Card/feedback-title/session-title/icon,icon,UI / Icon
Instance property,Components:4012:7448:UI / Icon,icon style,Icon
Instance property value,Components:4012:7448:UI / Icon/Icon,left-indent-image,Left Indent Image
Node,Components:4012:7451:Components/UI/Project / Session Card/feedback-title/date-created/icon,icon,UI / Icon
Instance property,Components:4012:7451:UI / Icon,icon style,Icon
Instance property value,Components:4012:7451:UI / Icon/Icon,icon-time,Time
Node,Components:4015:2268:Components/UI/Date Display,Date Display,UI / Date
Node,Components:4015:2263:Components/UI/UI / Date/icon,icon,UI / Icon
Instance property,Components:4015:2263:UI / Icon,icon style,Icon
Instance property value,Components:4015:2263:UI / Icon/Icon,icon-time,Time
Node,Components:4013:2576:Components/UI/Headers / Section Title,Headers / Section Title,UI / Section Title
Node,Components:4013:2571:Components/UI/UI / Section Title/Dividers / Horizontal,Dividers / Horizontal,UI / Divider / Horizontal
Node,Components:4015:2571:Components/UI/Cards / Feedback,Cards / Feedback,Feedback / Card
Node,Components:4015:2556:Components/UI/Feedback / Card/Image,Image,UI / Image
Instance property,Components:4015:2556:UI / Image,Value,Image
Instance property value,Components:4015:2556:UI / Image/Image,image-1,1
Node,Components:4015:2558:Components/UI/Feedback / Card/toolbbar,toolbbar,toolbar
Node,Components:4015:2559:Components/UI/Feedback / Card/toolbar/Badges / Category,Badges / Category,UI / Category Badge
Node,Components:I4015:2559;4009:3503:Components/UI/Feedback / Card/toolbar/UI / Category Badge/Label Alternative / Xxtra Small 9.6px,Label Alternative / Xxtra Small 9.6px,Label Alternative / Extra Small 9.6px
Node,Components:4015:2560:Components/UI/Feedback / Card/toolbar/Badges / Category,Badges / Category,UI / Category Badge
Instance property value,Components:4015:2560:UI / Category Badge/Color,Stale,Slate
Node,Components:I4015:2560;4010:4315:Components/UI/Feedback / Card/toolbar/UI / Category Badge/Label Alternative / Xxtra Small 9.6px,Label Alternative / Xxtra Small 9.6px,Label Alternative / Extra Small 9.6px
Node,Components:4015:2562:Components/UI/Feedback / Card/date-created/icon,icon,UI / Icon
Instance property,Components:4015:2562:UI / Icon,icon style,Icon
Instance property value,Components:4015:2562:UI / Icon/Icon,icon-time,Time
Node,Components:4015:2537:Components/UI/Cards/ Compare,Cards/ Compare,Compare / Card
Node,Components:4015:2531:Components/UI/Compare / Card/Image,Image,UI / Image
Instance property,Components:4015:2531:UI / Image,Value,Image
Instance property value,Components:4015:2531:UI / Image/Image,image-1,1
Node,Components:14:699:Components/Navigation/Sidebar / Sidebar,Sidebar / Sidebar,Navigation / Sidebar
Node,Components:14:679:Components/Navigation/Navigation / Sidebar/Sidebar / Nav Item,Sidebar / Nav Item,Navigation / Item
Instance property,Components:14:679:Navigation / Item,state,State
Instance property value,Components:14:679:Navigation / Item/State,active,Active
Instance property,Components:14:679:Navigation / Item,size,Size
Instance property value,Components:14:679:Navigation / Item/Size,large,Large
Node,Components:14:682:Components/Navigation/Navigation / Sidebar/Sidebar / Nav Item,Sidebar / Nav Item,Navigation / Item
Instance property,Components:14:682:Navigation / Item,state,State
Instance property value,Components:14:682:Navigation / Item/State,disabled,Disabled
Instance property,Components:14:682:Navigation / Item,size,Size
Instance property value,Components:14:682:Navigation / Item/Size,large,Large
Node,Components:14:684:Components/Navigation/Navigation / Sidebar/Sidebar / Nav Item,Sidebar / Nav Item,Navigation / Item
Instance property,Components:14:684:Navigation / Item,state,State
Instance property value,Components:14:684:Navigation / Item/State,disabled,Disabled
Instance property,Components:14:684:Navigation / Item,size,Size
Instance property value,Components:14:684:Navigation / Item/Size,large,Large
Node,Components:14:686:Components/Navigation/Navigation / Sidebar/Sidebar / Nav Item,Sidebar / Nav Item,Navigation / Item
Instance property,Components:14:686:Navigation / Item,state,State
Instance property value,Components:14:686:Navigation / Item/State,disabled,Disabled
Instance property,Components:14:686:Navigation / Item,size,Size
Instance property value,Components:14:686:Navigation / Item/Size,large,Large
Node,Components:14:688:Components/Navigation/Navigation / Sidebar/Sidebar / Nav Item,Sidebar / Nav Item,Navigation / Item
Instance property,Components:14:688:Navigation / Item,state,State
Instance property value,Components:14:688:Navigation / Item/State,disabled,Disabled
Instance property,Components:14:688:Navigation / Item,size,Size
Instance property value,Components:14:688:Navigation / Item/Size,large,Large
Node,Components:14:697:Components/Navigation/Navigation / Sidebar/Sidebar / Nav Item,Sidebar / Nav Item,Navigation / Item
Instance property,Components:14:697:Navigation / Item,state,State
Instance property value,Components:14:697:Navigation / Item/State,disabled,Disabled
Instance property,Components:14:697:Navigation / Item,size,Size
Instance property value,Components:14:697:Navigation / Item/Size,large,Large
Node,Components:14:678:Components/Navigation/Sidebar / Nav Item,Sidebar / Nav Item,Navigation / Item
Variant property,Components:14:678:Navigation / Item,state,State
Variant options,Components:14:678:Navigation / Item/State,"{""type"": ""VARIANT"", ""defaultValue"": ""disabled"", ""variantOptions"": [""active"", ""hover"", ""disabled""]}","{""type"": ""VARIANT"", ""defaultValue"": ""Disabled"", ""variantOptions"": [""Active"", ""Hover"", ""Disabled""]}"
Variant property,Components:14:678:Navigation / Item,size,Size
Variant options,Components:14:678:Navigation / Item/Size,"{""type"": ""VARIANT"", ""defaultValue"": ""large"", ""variantOptions"": [""small"", ""large""]}","{""type"": ""VARIANT"", ""defaultValue"": ""Large"", ""variantOptions"": [""Small"", ""Large""]}"
Node,"Components:14:676:Components/Navigation/Navigation / Item/state=disabled, size=large","state=disabled, size=large","State=Disabled, Size=Large"
Node,"Components:14:677:Components/Navigation/Navigation / Item/state=hover, size=large","state=hover, size=large","State=Hover, Size=Large"
Node,"Components:14:675:Components/Navigation/Navigation / Item/state=active, size=large","state=active, size=large","State=Active, Size=Large"
Node,"Components:4013:4218:Components/Navigation/Navigation / Item/state=disabled, size=small","state=disabled, size=small","State=Disabled, Size=Small"
Node,"Components:4013:4220:Components/Navigation/Navigation / Item/state=hover, size=small","state=hover, size=small","State=Hover, Size=Small"
Node,"Components:4013:4219:Components/Navigation/Navigation / Item/state=active, size=small","state=active, size=small","State=Active, Size=Small"
Node,Components:15:990:Components/Navigation/Flyout / Menu,Flyout / Menu,Navigation / Flyout
Node,Components:73:1164:Components/Navigation/Navigation / Flyout/dropdown-item-list/Navigation / Flyout / buttons,Navigation / Flyout / buttons,Navigation / Flyout Item
Instance property,Components:73:1164:Navigation / Flyout Item,state,State
Instance property value,Components:73:1164:Navigation / Flyout Item/State,rest,Default
Node,Components:I73:1164;73:1142:Components/Navigation/Navigation / Flyout/dropdown-item-list/Navigation / Flyout Item/menu-item/icon,icon,UI / Icon
Instance property,Components:I73:1164;73:1142:UI / Icon,icon style,Icon
Instance property value,Components:I73:1164;73:1142:UI / Icon/Icon,plus,Plus
Node,Components:14:870:Components/Navigation/Navigation / Flyout/dropdown-item-list/Navigation / Flyout / buttons,Navigation / Flyout / buttons,Navigation / Flyout Item
Instance property,Components:14:870:Navigation / Flyout Item,state,State
Instance property value,Components:14:870:Navigation / Flyout Item/State,hover,Hover
Node,Components:I14:870;73:1157:Components/Navigation/Navigation / Flyout/dropdown-item-list/Navigation / Flyout Item/menu-item/icon,icon,UI / Icon
Instance property,Components:I14:870;73:1157:UI / Icon,icon style,Icon
Instance property value,Components:I14:870;73:1157:UI / Icon/Icon,pencil,Pencil
Node,Components:14:975:Components/Navigation/Navigation / Flyout/dropdown-item-list/Navigation / Flyout / buttons,Navigation / Flyout / buttons,Navigation / Flyout Item
Instance property,Components:14:975:Navigation / Flyout Item,state,State
Instance property value,Components:14:975:Navigation / Flyout Item/State,rest,Default
Node,Components:I14:975;73:1142:Components/Navigation/Navigation / Flyout/dropdown-item-list/Navigation / Flyout Item/menu-item/icon,icon,UI / Icon
Instance property,Components:I14:975;73:1142:UI / Icon,icon style,Icon
Instance property value,Components:I14:975;73:1142:UI / Icon/Icon,star,Star
Node,Components:14:889:Components/Navigation/Navigation / Flyout/dropdown-item-list/Navigation / Flyout / buttons,Navigation / Flyout / buttons,Navigation / Flyout Item
Instance property,Components:14:889:Navigation / Flyout Item,state,State
Instance property value,Components:14:889:Navigation / Flyout Item/State,rest,Default
Node,Components:I14:889;73:1142:Components/Navigation/Navigation / Flyout/dropdown-item-list/Navigation / Flyout Item/menu-item/icon,icon,UI / Icon
Instance property,Components:I14:889;73:1142:UI / Icon,icon style,Icon
Instance property value,Components:I14:889;73:1142:UI / Icon/Icon,bin,Bin
Node,Components:14:863:Components/Navigation/Flyout / Buttons,Flyout / Buttons,Navigation / Flyout Item
Variant property,Components:14:863:Navigation / Flyout Item,state,State
Variant options,Components:14:863:Navigation / Flyout Item/State,"{""type"": ""VARIANT"", ""defaultValue"": ""rest"", ""variantOptions"": [""rest"", ""hover""]}","{""type"": ""VARIANT"", ""defaultValue"": ""Default"", ""variantOptions"": [""Default"", ""Hover""]}"
Node,Components:14:862:Components/Navigation/Navigation / Flyout Item/state=rest,state=rest,State=Default
Node,Components:14:861:Components/Navigation/Navigation / Flyout Item/state=hover,state=hover,State=Hover
Node,Components:91:3076:Components/Navigation/Sidebar / Sub Menu / Link Item,Sidebar / Sub Menu / Link Item,Navigation / Submenu Item
Variant property,Components:91:3076:Navigation / Submenu Item,state,State
Variant options,Components:91:3076:Navigation / Submenu Item/State,"{""type"": ""VARIANT"", ""defaultValue"": ""default"", ""variantOptions"": [""default"", ""hover"", ""active""]}","{""type"": ""VARIANT"", ""defaultValue"": ""Default"", ""variantOptions"": [""Default"", ""Hover"", ""Active""]}"
Node,Components:91:3073:Components/Navigation/Navigation / Submenu Item/state=default,state=default,State=Default
Node,Components:91:3075:Components/Navigation/Navigation / Submenu Item/state=hover,state=hover,State=Hover
Node,Components:91:3074:Components/Navigation/Navigation / Submenu Item/state=active,state=active,State=Active
Node,Components:4001:2556:Components/Navigation/Sidebar / Sub Menu / menu,Sidebar / Sub Menu / menu,Navigation / Submenu
Node,Components:91:3077:Components/Navigation/Navigation / Submenu/dropdown-item-list/Sidebar / Sub Menu / Link Item,Sidebar / Sub Menu / Link Item,Navigation / Submenu Item
Instance property,Components:91:3077:Navigation / Submenu Item,state,State
Instance property value,Components:91:3077:Navigation / Submenu Item/State,default,Default
Node,Components:I91:3077;91:3892:Components/Navigation/Navigation / Submenu/dropdown-item-list/Navigation / Submenu Item/icon,icon,UI / Icon
Instance property,Components:I91:3077;91:3892:UI / Icon,icon style,Icon
Instance property value,Components:I91:3077;91:3892:UI / Icon/Icon,tiny-dot,Dot
Node,Components:91:3616:Components/Navigation/Navigation / Submenu/dropdown-item-list/Dividers / Horizontal,Dividers / Horizontal,UI / Divider / Horizontal
Node,Components:91:3133:Components/Navigation/Navigation / Submenu/dropdown-item-list/Sidebar / Sub Menu / Link Item,Sidebar / Sub Menu / Link Item,Navigation / Submenu Item
Instance property,Components:91:3133:Navigation / Submenu Item,state,State
Instance property value,Components:91:3133:Navigation / Submenu Item/State,default,Default
Node,Components:I91:3133;91:3892:Components/Navigation/Navigation / Submenu/dropdown-item-list/Navigation / Submenu Item/icon,icon,UI / Icon
Instance property,Components:I91:3133;91:3892:UI / Icon,icon style,Icon
Instance property value,Components:I91:3133;91:3892:UI / Icon/Icon,tiny-dot,Dot
Node,Components:31:1220:Components/Navigation/Tab / Tab Navigation,Tab / Tab Navigation,Navigation / Tabs
Node,Components:31:1214:Components/Navigation/Navigation / Tabs/Tab / Buttons,Tab / Buttons,Navigation / Tab
Instance property,Components:31:1214:Navigation / Tab,state,State
Instance property value,Components:31:1214:Navigation / Tab/State,active,Active
Instance property,Components:31:1217:Tab,state,State
Instance property value,Components:31:1217:Tab/State,disabled,Disabled
Node,Components:80:4627:Components/Navigation/Navigation / Tabs/Tab / Buttons,Tab / Buttons,Navigation / Tab
Instance property,Components:80:4627:Navigation / Tab,state,State
Instance property value,Components:80:4627:Navigation / Tab/State,disabled,Disabled
Node,Components:4011:5690:Components/Navigation/Navigation / Tabs/Tab / Buttons,Tab / Buttons,Navigation / Tab
Instance property,Components:4011:5690:Navigation / Tab,state,State
Instance property value,Components:4011:5690:Navigation / Tab/State,disabled,Disabled
Node,Components:4011:5705:Components/Navigation/Navigation / Tabs/Tab / Buttons,Tab / Buttons,Navigation / Tab
Instance property,Components:4011:5705:Navigation / Tab,state,State
Instance property value,Components:4011:5705:Navigation / Tab/State,disabled,Disabled
Node,Components:4011:5720:Components/Navigation/Navigation / Tabs/Tab / Buttons,Tab / Buttons,Navigation / Tab
Instance property,Components:4011:5720:Navigation / Tab,state,State
Instance property value,Components:4011:5720:Navigation / Tab/State,disabled,Disabled
Node,Components:4011:5735:Components/Navigation/Navigation / Tabs/Tab / Buttons,Tab / Buttons,Navigation / Tab
Instance property,Components:4011:5735:Navigation / Tab,state,State
Instance property value,Components:4011:5735:Navigation / Tab/State,disabled,Disabled
Node,Components:4011:5750:Components/Navigation/Navigation / Tabs/Tab / Buttons,Tab / Buttons,Navigation / Tab
Instance property,Components:4011:5750:Navigation / Tab,state,State
Instance property value,Components:4011:5750:Navigation / Tab/State,disabled,Disabled
Node,Components:31:1213:Components/Navigation/Tab / Buttons,Tab / Buttons,Navigation / Tab
Variant property,Components:31:1213:Navigation / Tab,state,State
Variant options,Components:31:1213:Navigation / Tab/State,"{""type"": ""VARIANT"", ""defaultValue"": ""active"", ""variantOptions"": [""active"", ""disabled""]}","{""type"": ""VARIANT"", ""defaultValue"": ""Active"", ""variantOptions"": [""Active"", ""Disabled""]}"
Node,Components:31:1211:Components/Navigation/Navigation / Tab/state=active,state=active,State=Active
Node,Components:31:1212:Components/Navigation/Navigation / Tab/state=disabled,state=disabled,State=Disabled
Node,Components:4016:3962:Components/Navigation/Sidebar / Sidebar Alternative,Sidebar / Sidebar Alternative,Navigation / Sidebar / Alternative
Node,Components:4016:3944:Components/Navigation/Navigation / Sidebar / Alternative/Sidebar / Nav Item,Sidebar / Nav Item,Navigation / Item
Instance property,Components:4016:3944:Navigation / Item,state,State
Instance property value,Components:4016:3944:Navigation / Item/State,disabled,Disabled
Instance property,Components:4016:3944:Navigation / Item,size,Size
Instance property value,Components:4016:3944:Navigation / Item/Size,small,Small
Node,Components:4016:3948:Components/Navigation/Navigation / Sidebar / Alternative/Sidebar / Nav Item,Sidebar / Nav Item,Navigation / Item
Instance property,Components:4016:3948:Navigation / Item,state,State
Instance property value,Components:4016:3948:Navigation / Item/State,disabled,Disabled
Instance property,Components:4016:3948:Navigation / Item,size,Size
Instance property value,Components:4016:3948:Navigation / Item/Size,small,Small
Node,Components:4016:3947:Components/Navigation/Navigation / Sidebar / Alternative/Sidebar / Nav Item,Sidebar / Nav Item,Navigation / Item
Instance property,Components:4016:3947:Navigation / Item,state,State
Instance property value,Components:4016:3947:Navigation / Item/State,active,Active
Instance property,Components:4016:3947:Navigation / Item,size,Size
Instance property value,Components:4016:3947:Navigation / Item/Size,small,Small
Node,Components:4016:3945:Components/Navigation/Navigation / Sidebar / Alternative/Sidebar / Nav Item,Sidebar / Nav Item,Navigation / Item
Instance property,Components:4016:3945:Navigation / Item,state,State
Instance property value,Components:4016:3945:Navigation / Item/State,disabled,Disabled
Instance property,Components:4016:3945:Navigation / Item,size,Size
Instance property value,Components:4016:3945:Navigation / Item/Size,small,Small
Node,Components:4016:3946:Components/Navigation/Navigation / Sidebar / Alternative/Sidebar / Nav Item,Sidebar / Nav Item,Navigation / Item
Instance property,Components:4016:3946:Navigation / Item,state,State
Instance property value,Components:4016:3946:Navigation / Item/State,disabled,Disabled
Instance property,Components:4016:3946:Navigation / Item,size,Size
Instance property value,Components:4016:3946:Navigation / Item/Size,small,Small
Node,Components:4016:3949:Components/Navigation/Navigation / Sidebar / Alternative/Sidebar / Nav Item,Sidebar / Nav Item,Navigation / Item
Instance property,Components:4016:3949:Navigation / Item,state,State
Instance property value,Components:4016:3949:Navigation / Item/State,disabled,Disabled
Instance property,Components:4016:3949:Navigation / Item,size,Size
Instance property value,Components:4016:3949:Navigation / Item/Size,small,Small
Node,08 — Settings:4016:4281,settings-box,models-box
Node,08 — Settings:4016:4155,settings-box,appearance-box
Variant options,Components:93:8627:Project / Toolbar Action/State,"['Default', 'Hover', 'Hover']","['Default', 'Hover']"
Used variable,VariableID:4008:3480,accent/accent-argent,accent/argent
Used variable collection,VariableID:4008:3480,UI,Color / UI
Used variable,VariableID:4008:3479,accent/accent-blue,accent/blue
Used variable collection,VariableID:4008:3479,UI,Color / UI
Used variable,VariableID:4008:3482,accent/accent-gray,accent/gray
Used variable collection,VariableID:4008:3482,UI,Color / UI
Used variable,VariableID:4008:3481,accent/accent-green,accent/green
Used variable collection,VariableID:4008:3481,UI,Color / UI
Used variable,VariableID:4008:3478,accent/accent-pink,accent/pink
Used variable collection,VariableID:4008:3478,UI,Color / UI
Used variable collection,VariableID:1:4877,UI,Color / UI
Used variable collection,VariableID:1:4879,UI,Color / UI
Used variable collection,VariableID:1:4878,UI,Color / UI
Used variable collection,VariableID:1:4880,UI,Color / UI
Used variable,VariableID:72:528,badges/active-bg,badge/active-bg
Used variable collection,VariableID:72:528,UI,Color / UI
Used variable,VariableID:72:530,badges/active-border,badge/active-border
Used variable collection,VariableID:72:530,UI,Color / UI
Used variable,VariableID:72:529,badges/active-text,badge/active-text
Used variable collection,VariableID:72:529,UI,Color / UI
Used variable,VariableID:4008:3472,badges/category-blue-bg,badge/category-blue-bg
Used variable collection,VariableID:4008:3472,UI,Color / UI
Used variable,VariableID:4008:3473,badges/category-blue-border,badge/category-blue-border
Used variable collection,VariableID:4008:3473,UI,Color / UI
Used variable,VariableID:4008:3474,badges/category-blue-text,badge/category-blue-text
Used variable collection,VariableID:4008:3474,UI,Color / UI
Used variable,VariableID:4008:3462,badges/category-green-bg,badge/category-green-bg
Used variable collection,VariableID:4008:3462,UI,Color / UI
Used variable,VariableID:4008:3464,badges/category-green-border,badge/category-green-border
Used variable collection,VariableID:4008:3464,UI,Color / UI
Used variable,VariableID:4008:3463,badges/category-green-text,badge/category-green-text
Used variable collection,VariableID:4008:3463,UI,Color / UI
Used variable,VariableID:4008:3465,badges/category-orange-bg,badge/category-orange-bg
Used variable collection,VariableID:4008:3465,UI,Color / UI
Used variable,VariableID:4008:3466,badges/category-orange-border,badge/category-orange-border
Used variable collection,VariableID:4008:3466,UI,Color / UI
Used variable,VariableID:4008:3467,badges/category-orange-text,badge/category-orange-text
Used variable collection,VariableID:4008:3467,UI,Color / UI
Used variable,VariableID:4008:3476,badges/category-pink-bg,badge/category-pink-bg
Used variable collection,VariableID:4008:3476,UI,Color / UI
Used variable,VariableID:4008:3477,badges/category-pink-border,badge/category-pink-border
Used variable collection,VariableID:4008:3477,UI,Color / UI
Used variable,VariableID:4008:3475,badges/category-pink-text,badge/category-pink-text
Used variable collection,VariableID:4008:3475,UI,Color / UI
Used variable,VariableID:4008:3470,badges/category-salmon-bg,badge/category-salmon-bg
Used variable collection,VariableID:4008:3470,UI,Color / UI
Used variable,VariableID:4008:3471,badges/category-salmon-border,badge/category-salmon-border
Used variable collection,VariableID:4008:3471,UI,Color / UI
Used variable,VariableID:4008:3468,badges/category-salmon-text,badge/category-salmon-text
Used variable collection,VariableID:4008:3468,UI,Color / UI
Used variable,VariableID:72:526,badges/idle-text,badge/idle-text
Used variable collection,VariableID:72:526,UI,Color / UI
Used variable,VariableID:26:800,badges/info-bg,badge/info-bg
Used variable collection,VariableID:26:800,UI,Color / UI
Used variable,VariableID:26:801,badges/info-text,badge/info-text
Used variable collection,VariableID:26:801,UI,Color / UI
Used variable,VariableID:73:768,badges/nuetral-bg,badge/neutral-bg
Used variable collection,VariableID:73:768,UI,Color / UI
Used variable,VariableID:73:770,badges/nuetral-border,badge/neutral-border
Used variable collection,VariableID:73:770,UI,Color / UI
Used variable,VariableID:72:522,badges/warning-bg,badge/warning-bg
Used variable collection,VariableID:72:522,UI,Color / UI
Used variable,VariableID:72:524,badges/warning-border,badge/warning-border
Used variable collection,VariableID:72:524,UI,Color / UI
Used variable collection,VariableID:1:4995,UI,Color / UI
Used variable collection,VariableID:1:4993,UI,Color / UI
Used variable collection,VariableID:1:5003,UI,Color / UI
Used variable collection,VariableID:35:1197,UI,Color / UI
Used variable collection,VariableID:4008:1503,UI,Color / UI
Used variable collection,VariableID:1:5002,UI,Color / UI
Used variable collection,VariableID:1:5000,UI,Color / UI
Used variable collection,VariableID:1:4994,UI,Color / UI
Used variable collection,VariableID:4010:4322,UI,Color / UI
Used variable collection,VariableID:2002:4193,UI,Color / UI
Used variable collection,VariableID:2002:4192,UI,Color / UI
Used variable collection,VariableID:2002:4190,UI,Color / UI
Used variable collection,VariableID:2002:4194,UI,Color / UI
Used variable,VariableID:72:606,buttons/hover-20,button/hover-20
Used variable collection,VariableID:72:606,UI,Color / UI
Used variable,VariableID:72:597,buttons/hover-40,button/hover-40
Used variable collection,VariableID:72:597,UI,Color / UI
Used variable collection,VariableID:1:4897,UI,Color / UI
Used variable collection,VariableID:1:4898,UI,Color / UI
Used variable,VariableID:1:4461,letter-spacing/Extra Wide,letter-spacing/extra-wide
Used variable,VariableID:1:4474,letter-spacing/Medium,letter-spacing/medium
Used variable,VariableID:1:4483,letter-spacing/Narrow,letter-spacing/narrow
Used variable,VariableID:2025:1225,letter-spacing/None,letter-spacing/none
Used variable,VariableID:1:4477,letter-spacing/Normal,letter-spacing/normal
Used variable,VariableID:1:4480,letter-spacing/Small,letter-spacing/small
Used variable collection,VariableID:1:4868,UI,Color / UI
Used variable collection,VariableID:1:4869,UI,Color / UI
Used variable collection,VariableID:1:4870,UI,Color / UI
Used style,"S:035b5f3db7ddeb4d8f6a6c8db135954cf8607fc4,",,heading/h5/bold
Used style,"S:8d720a8c7b2876568502a234b9b6912eb255ffbd,",,heading/h5/regular
Used style,"S:ee1d21f4ee44103ef981d89be94653424fbf96a3,",,label-alternative/sm/regular
Used style,"S:3f80d4aca9f792d240340f4c8feb25a1ecb032cd,",,label-alternative/md/regular
Used style,"S:34cd7047917d3ec41abe5cab10c9079a4c8b766c,",,heading/h2/semibold
Used style,"S:fb44fb6d0a537c5ad9d80a9abf609d9928fbb785,",,label-alternative/md/semibold
Used style,"S:a40f838caa24869291703815e22ac61aa4713cfa,",,label/Small/regular
Used style,"S:695a24e013c77ed523ee6c328bf05b4b221e3679,",,body/Small/regular
Used style,"S:8eb5d16e3ce2957aa2caf64fd2b586d6158cf029,",,label/Large/semibold
Used style,"S:7d17590cc7660b769e8b956f854d6198e536edde,",,body/Medium/regular
Used style,"S:72b7dfaae770600a66e39ad9b4a5cbdf2a9413ab,",,label-alternative/sm/semibold
Used style,"S:e1c792dddb3b7b3070c7a37bd7c317480af244cb,",,body/Extra Small/regular
Used style,"S:fc4b9fe0d8a421b9e53fa3dff14d38adb14a91b2,",,label/Large/regular
Used style,"S:8099590082a1d9033ce2d15fc00ca595c5c55a74,",,label/Extra Large/medium
Used style,"S:d72680f9da85709524c76b32b60b6f33b36541da,",,label/Small/semibold
Used style,"S:bc7a554872c7b49a77dcd0e422306e9e327deb83,",,label/Small/medium
Used style,"S:52c9fa9e3ea33ac08149447c99611bab8970a9ef,",,gradient-base
Used style,"S:9f42f8a41ef8055ad2fc63e5c81a847013b6cf36,",,label/Medium/medium
Used style,"S:cdb4d09ed00614c247c25f89f8e77466ddca11ac,",,label-alternative/xl/medium
Used style,"S:e9dda83990739bf7d62c908eaed8562f19beb471,",,label/Medium/semibold
Used style,"S:a9b504937f04e8ee0a493d0daec88b86d727284f,",,label-alternative/xs/semibold
Used style,"S:cd0bf4528bc141eab4f80a11eecdc4219a0b8d98,",,body/Tiny/regular
Used style,"S:6ee0bdb18d8a0a2c0b8b215d9e967c55e3bb369d,",,blur/lg
Used style,"S:b7c302f8b4b791fcfe40e95313cf1e0c28efd51a,",,heading/h1/semibold
Used style,"S:eff21ce6f9217f0cfdfb3c216e758c038bf4955d,",,label/Large/medium
Used style,"S:58fb7f37d2212dec09c7ea283cae37ab34242ebe,",,label-alternative/lg/bold
Used style,"S:ed771fe32c5ca48ed2e708ed69ad933cb6f1cc48,",,body/Tiny/extralight
Used style,"S:c023fcc1b6880886be6ed4417fa6e19719d64d9d,",,blur/sm
Used style,"S:efc77020e5e7edcf5e3bf8a2b311998bf1fa005a,",,heading/h4/medium
Used style,"S:ec9fd6672a6ac8b353b33e714d031b627fcd6f0d,",,heading/h4/bold
Used style,"S:b480f355cae2f6f252d5eb5526a61d6a4f8d3253,",,heading/h5/semibold
Used style,"S:51268fa37110abf92d36e3381fee49a44a9b3458,",,body/Medium/extrabold
Used style,"S:2175fc587e6e8cde6b8dfe681eb3d4680e2bba77,",,body/Medium/semibold
Used style,"S:7465dfb20e68260acd4f43e02822d924c2dcfc52,",,body/Extra Small/semibold
Used style,"S:d2e6636d964071e9a51e890f45768dc29aa40355,",,heading/h3/medium
Used style,"S:f0e4ad752a0831af4a817629937316f3bf820a2e,",,label/Medium/bold
Used style,"S:8bf675fb2a29f95c0b49a0820cb0610ea15f1583,",,label/Medium/light
Used style,"S:57fe07606007bbec7030e3ec666351f8df473a61,",,body/Extra Small/medium
Used style,"S:fd9504ba47d5916267f52b2984af7aa0308b14ab,",,body/Tiny/light
Node,"01 — Director / Feedback + Chat:I93:10488;47:594;1:5017:01 — Director / Feedback + Chat/Director / Feedback + Chat/main/feedback-content/feedback-panel/content-left/prompt-textarea/form-text/Review this photograph. Respond with: 1. First impression 2. What works 3. What feels weak or unresolved 4. Composition / gesture / timing 5. Light, colour, contrast, or tonal notes 6. Crop or edit suggestion 7. Print potential 8. Possible series connection 9. Three possible titles 10. Tags Finish with one short human note to Diego.","Review this photograph. Respond with: 1. First impression 2. What works 3. What feels weak or unresolved 4. Composition / gesture / timing 5. Light, colour, contrast, or tonal notes 6. Crop or edit suggestion 7. Print potential 8. Possible series connection 9. Three possible titles 10. Tags Finish with one short human note to Diego.",prompt-body
Node,01 — Director / Feedback + Chat:I93:10488;84:3907:01 — Director / Feedback + Chat/Director / Feedback + Chat/main/feedback-content/feedback-panel/content-left/Director references this file when a Finder path is available. Browser uploads are stored as a local source copy so they can still be feedbacked.,Director references this file when a Finder path is available. Browser uploads are stored as a local source copy so they can still be feedbacked.,source-note
Node,"01 — Director / Feedback + Chat:I93:11973;77:4016;47:594;1:5017:01 — Director / Feedback + Chat/Director / New Feedback/main/content/feedback-layout/Feedback / Panel/feedback-panel/content-left/prompt-textarea/form-text/Review this photograph. Respond with: 1. First impression 2. What works 3. What feels weak or unresolved 4. Composition / gesture / timing 5. Light, colour, contrast, or tonal notes 6. Crop or edit suggestion 7. Print potential 8. Possible series connection 9. Three possible titles 10. Tags Finish with one short human note to Diego.","Review this photograph. Respond with: 1. First impression 2. What works 3. What feels weak or unresolved 4. Composition / gesture / timing 5. Light, colour, contrast, or tonal notes 6. Crop or edit suggestion 7. Print potential 8. Possible series connection 9. Three possible titles 10. Tags Finish with one short human note to Diego.",prompt-body
Node,01 — Director / Feedback + Chat:I93:11973;77:4016;84:3907:01 — Director / Feedback + Chat/Director / New Feedback/main/content/feedback-layout/Feedback / Panel/feedback-panel/content-left/Director references this file when a Finder path is available. Browser uploads are stored as a local source copy so they can still be feedbacked.,Director references this file when a Finder path is available. Browser uploads are stored as a local source copy so they can still be feedbacked.,source-note
Node,01 — Director / Feedback + Chat:4007:2030:01 — Director / Feedback + Chat/Notes/The Headers title changes from “New Feedback” to the defaulted uploaded file name. This can be edited later when saved.,The Headers title changes from “New Feedback” to the defaulted uploaded file name. This can be edited later when saved.,Feedback Title / Behaviour Note
Node,01 — Director / Feedback + Chat:4007:2057:01 — Director / Feedback + Chat/Notes/Project Link User can select from saved projects or create a new project.  When creating a new project use default modal.,Project Link User can select from saved projects or create a new project.  When creating a new project use default modal.,Project Link / Behaviour Note
Node,"04 — Projects:I4008:1821;4008:952;1:5017:04 — Projects/Project / Settings/project-settings-modal/Modal / Edit/modal-meta/label-description-container/Form / Field/form-text/Review this photograph. Respond with: 1. First impression 2. What works 3. What feels weak or unresolved 4. Composition / gesture / timing 5. Light, colour, contrast, or tonal notes 6. Crop or edit suggestion 7. Print potential 8. Possible series connection 9. Three possible titles 10. Tags Finish with one short human note to Diego.","Review this photograph. Respond with: 1. First impression 2. What works 3. What feels weak or unresolved 4. Composition / gesture / timing 5. Light, colour, contrast, or tonal notes 6. Crop or edit suggestion 7. Print potential 8. Possible series connection 9. Three possible titles 10. Tags Finish with one short human note to Diego.",field-value
Node,08 — Settings:4016:4061:08 — Settings/Notes/Base style and tone has 3 options: Professional Friendly Candid,Base style and tone has 3 options: Professional Friendly Candid,Base Style / Options Note
Node,08 — Settings:4016:4096:08 — Settings/Notes/Warm has 3 options: Less More Nuetral,Warm has 3 options: Less More Nuetral,Warmth / Options Note
Node,08 — Settings:4016:4532:08 — Settings/Notes/Personalisation,Personalisation,Personalisation / Note
Node,"Components:I4008:952;1:5017:Components/Modal/Modal / Edit/modal-meta/label-description-container/Form / Field/form-text/Review this photograph. Respond with: 1. First impression 2. What works 3. What feels weak or unresolved 4. Composition / gesture / timing 5. Light, colour, contrast, or tonal notes 6. Crop or edit suggestion 7. Print potential 8. Possible series connection 9. Three possible titles 10. Tags Finish with one short human note to Diego.","Review this photograph. Respond with: 1. First impression 2. What works 3. What feels weak or unresolved 4. Composition / gesture / timing 5. Light, colour, contrast, or tonal notes 6. Crop or edit suggestion 7. Print potential 8. Possible series connection 9. Three possible titles 10. Tags Finish with one short human note to Diego.",field-value
Node,02 — Director / Compare:I93:10147;4014:5078:02 — Director / Compare/Director / Compare/main/feedback-content/feedback-panel/feedback/source-meta/Frame 2,Frame 2,source-type
Node,02 — Director / Compare:I93:10147;4014:5103:02 — Director / Compare/Director / Compare/main/feedback-content/feedback-panel/feedback/source-meta/Frame 3,Frame 3,project-link
Node,02 — Director / Compare:93:12078:02 — Director / Compare/Director / New Compare/main/content/Frame 1,Frame 1,compare-panel
Node,02 — Director / Compare:I93:12079;77:4016;4014:5078:02 — Director / Compare/Director / New Compare/main/content/compare-panel/Feedback / Panel/feedback-panel/feedback/source-meta/Frame 2,Frame 2,source-type
Node,02 — Director / Compare:I93:12079;77:4016;4014:5103:02 — Director / Compare/Director / New Compare/main/content/compare-panel/Feedback / Panel/feedback-panel/feedback/source-meta/Frame 3,Frame 3,project-link
Node,03 — Darkroom / Library:I4010:5467;4009:3939:03 — Darkroom / Library/Darkroom / Library/main/project-data/feedback-list/UI / File Thumb/Frame 5,Frame 5,badges
Node,03 — Darkroom / Library:I4010:5331;4009:3939:03 — Darkroom / Library/Darkroom / Library/main/project-data/feedback-list/UI / File Thumb/Frame 5,Frame 5,badges
Node,03 — Darkroom / Library:I4010:5110;4009:3939:03 — Darkroom / Library/Darkroom / Library/main/project-data/feedback-list/UI / File Thumb/Frame 5,Frame 5,badges
Node,03 — Darkroom / Library:I4010:5433;4009:3939:03 — Darkroom / Library/Darkroom / Library/main/project-data/feedback-list/UI / File Thumb/Frame 5,Frame 5,badges
Node,03 — Darkroom / Library:I4010:5416;4009:3939:03 — Darkroom / Library/Darkroom / Library/main/project-data/feedback-list/UI / File Thumb/Frame 5,Frame 5,badges
Node,03 — Darkroom / Library:I4010:5382;4009:3939:03 — Darkroom / Library/Darkroom / Library/main/project-data/feedback-list/UI / File Thumb/Frame 5,Frame 5,badges
Node,03 — Darkroom / Library:I4010:5314;4009:3939:03 — Darkroom / Library/Darkroom / Library/main/project-data/feedback-list/UI / File Thumb/Frame 5,Frame 5,badges
Node,03 — Darkroom / Library:I4010:5093;4009:3939:03 — Darkroom / Library/Darkroom / Library/main/project-data/feedback-list/UI / File Thumb/Frame 5,Frame 5,badges
Node,03 — Darkroom / Library:I4010:5042;4009:3939:03 — Darkroom / Library/Darkroom / Library/main/project-data/feedback-list/UI / File Thumb/Frame 5,Frame 5,badges
Node,03 — Darkroom / Library:I4010:5263;4009:3939:03 — Darkroom / Library/Darkroom / Library/main/project-data/feedback-list/UI / File Thumb/Frame 5,Frame 5,badges
Node,03 — Darkroom / Library:I4010:5212;4009:3939:03 — Darkroom / Library/Darkroom / Library/main/project-data/feedback-list/UI / File Thumb/Frame 5,Frame 5,badges
Node,03 — Darkroom / Library:I4010:5161;4009:3939:03 — Darkroom / Library/Darkroom / Library/main/project-data/feedback-list/UI / File Thumb/Frame 5,Frame 5,badges
Node,03 — Darkroom / Library:I4010:5144;4009:3939:03 — Darkroom / Library/Darkroom / Library/main/project-data/feedback-list/UI / File Thumb/Frame 5,Frame 5,badges
Node,03 — Darkroom / Library:I4010:5076;4009:3939:03 — Darkroom / Library/Darkroom / Library/main/project-data/feedback-list/UI / File Thumb/Frame 5,Frame 5,badges
Node,03 — Darkroom / Library:I4010:5280;4009:3939:03 — Darkroom / Library/Darkroom / Library/main/project-data/feedback-list/UI / File Thumb/Frame 5,Frame 5,badges
Node,03 — Darkroom / Library:I4010:5178;4009:3939:03 — Darkroom / Library/Darkroom / Library/main/project-data/feedback-list/UI / File Thumb/Frame 5,Frame 5,badges
Node,03 — Darkroom / Library:I4010:5195;4009:3939:03 — Darkroom / Library/Darkroom / Library/main/project-data/feedback-list/UI / File Thumb/Frame 5,Frame 5,badges
Node,03 — Darkroom / Library:I4010:5348;4009:3939:03 — Darkroom / Library/Darkroom / Library/main/project-data/feedback-list/UI / File Thumb/Frame 5,Frame 5,badges
Node,03 — Darkroom / Library:I4010:5297;4009:3939:03 — Darkroom / Library/Darkroom / Library/main/project-data/feedback-list/UI / File Thumb/Frame 5,Frame 5,badges
Node,03 — Darkroom / Library:I4010:5246;4009:3939:03 — Darkroom / Library/Darkroom / Library/main/project-data/feedback-list/UI / File Thumb/Frame 5,Frame 5,badges
Node,03 — Darkroom / Library:I4010:5059;4009:3939:03 — Darkroom / Library/Darkroom / Library/main/project-data/feedback-list/UI / File Thumb/Frame 5,Frame 5,badges
Node,03 — Darkroom / Library:I4010:5025;4009:3939:03 — Darkroom / Library/Darkroom / Library/main/project-data/feedback-list/UI / File Thumb/Frame 5,Frame 5,badges
Node,03 — Darkroom / Library:I4010:4991;4009:3939:03 — Darkroom / Library/Darkroom / Library/main/project-data/feedback-list/UI / File Thumb/Frame 5,Frame 5,badges
Node,03 — Darkroom / Library:I4010:5008;4009:3939:03 — Darkroom / Library/Darkroom / Library/main/project-data/feedback-list/UI / File Thumb/Frame 5,Frame 5,badges
Node,03 — Darkroom / Library:I4010:4974;4009:3939:03 — Darkroom / Library/Darkroom / Library/main/project-data/feedback-list/UI / File Thumb/Frame 5,Frame 5,badges
Node,03 — Darkroom / Library:I4010:4957;4009:3939:03 — Darkroom / Library/Darkroom / Library/main/project-data/feedback-list/UI / File Thumb/Frame 5,Frame 5,badges
Node,03 — Darkroom / Library:I4010:4940;4009:3939:03 — Darkroom / Library/Darkroom / Library/main/project-data/feedback-list/UI / File Thumb/Frame 5,Frame 5,badges
Node,03 — Darkroom / Library:I4010:5365;4009:3939:03 — Darkroom / Library/Darkroom / Library/main/project-data/feedback-list/UI / File Thumb/Frame 5,Frame 5,badges
Node,03 — Darkroom / Library:I4010:4923;4009:3939:03 — Darkroom / Library/Darkroom / Library/main/project-data/feedback-list/UI / File Thumb/Frame 5,Frame 5,badges
Node,03 — Darkroom / Library:I4010:5229;4009:3939:03 — Darkroom / Library/Darkroom / Library/main/project-data/feedback-list/UI / File Thumb/Frame 5,Frame 5,badges
Node,03 — Darkroom / Library:I4010:5127;4009:3939:03 — Darkroom / Library/Darkroom / Library/main/project-data/feedback-list/UI / File Thumb/Frame 5,Frame 5,badges
Node,03 — Darkroom / Library:I4010:5399;4009:3939:03 — Darkroom / Library/Darkroom / Library/main/project-data/feedback-list/UI / File Thumb/Frame 5,Frame 5,badges
Node,03 — Darkroom / Library:I4010:4906;4009:3939:03 — Darkroom / Library/Darkroom / Library/main/project-data/feedback-list/UI / File Thumb/Frame 5,Frame 5,badges
Node,03 — Darkroom / Library:I4010:4889;4009:3939:03 — Darkroom / Library/Darkroom / Library/main/project-data/feedback-list/UI / File Thumb/Frame 5,Frame 5,badges
Node,03 — Darkroom / Library:I4010:5450;4009:3939:03 — Darkroom / Library/Darkroom / Library/main/project-data/feedback-list/UI / File Thumb/Frame 5,Frame 5,badges
Node,04 — Projects:4011:6156:04 — Projects/Projects / Detail / Overview/main/Frame 3,Frame 3,project-content
Node,08 — Settings:4016:4162:08 — Settings/Settings / Appearance/main/settings/appearance-box/settings-list/Settings / Details/Frame 1,Frame 1,title-caption
Node,10 — Compare / Result:I2001:3856;4015:3484:10 — Compare / Result/Compare / Result/main/feedback-content/feedback-panel/feedback/feedback-meta/Frame 6,Frame 6,metadata-primary
Node,10 — Compare / Result:I2001:3856;4015:3493:10 — Compare / Result/Compare / Result/main/feedback-content/feedback-panel/feedback/feedback-meta/Frame 7,Frame 7,metadata-secondary
